customer_id,question,day,create_dt
CUSTOMER000000023196,,2,2024-02-01 13:40:27.491
CUSTOMER000000023196,,2,2024-02-01 13:40:44.006
CUSTOMER000000023196,,2,2024-02-01 13:40:48.218
CUSTOMER000000023196,,2,2024-02-01 13:40:51.148
CUSTOMER000000024282,,1,2024-02-01 15:14:14.775
CUSTOMER000000024285,,4,2024-02-01 18:39:27.775
CUSTOMER000000024291,아이와 같이 4인가족,4,2024-02-01 21:14:24.276
CUSTOMER000000024296,친구,3,2024-02-02 00:38:58.359
CUSTOMER000000024297,부모님,3,2024-02-02 01:08:54.669
CUSTOMER000000024298,가족과 함께,4,2024-02-02 01:19:04.936
CUSTOMER000000024303,부모님과 여행,3,2024-02-02 11:51:48.686
CUSTOMER000000024303,부모님과의 동쪽여행,3,2024-02-02 11:53:33.435
CUSTOMER000000024304,,4,2024-02-02 13:06:02.34
CUSTOMER000000024303,비올때 가볼만한곳,3,2024-02-02 13:10:19.948
CUSTOMER000000024308,,3,2024-02-02 16:32:19.372
CUSTOMER000000024291,초등,4,2024-02-02 17:48:06.823
CUSTOMER000000024310,조용히 쉴 수 있는,3,2024-02-02 18:51:25.534
CUSTOMER000000024313,,6,2024-02-02 19:38:47.752
CUSTOMER000000024314,힐링,3,2024-02-02 21:12:24.222
CUSTOMER000000024314,힐링,3,2024-02-02 21:12:44.01
CUSTOMER000000024314,힐링,3,2024-02-02 21:13:24.998
CUSTOMER000000024315,친구와함께하는,6,2024-02-02 21:22:06.983
CUSTOMER000000024316,여자친구와,5,2024-02-02 21:37:28.748
CUSTOMER000000024117,강아지,1,2024-02-03 01:34:26.601
CUSTOMER000000024117,혼자,1,2024-02-03 01:35:53.356
CUSTOMER000000024318,강아지와 함께 ,7,2024-02-03 02:00:08.463
CUSTOMER000000024320,,1,2024-02-03 08:03:39.542
CUSTOMER000000024323,가족과 함께,3,2024-02-03 12:29:06.839
CUSTOMER000000024323,부모님과 함께,2,2024-02-03 12:33:56.346
CUSTOMER000000024303,구좌읍 아이와 여행,3,2024-02-03 14:37:52.733
CUSTOMER000000024326,,3,2024-02-03 15:07:23.057
CUSTOMER000000024329,,4,2024-02-03 20:20:52.33
CUSTOMER000000024316,커플 여행,5,2024-02-03 21:24:35.371
CUSTOMER000000024330,,2,2024-02-03 23:14:27.54
CUSTOMER000000024332,할머니와 함께 할 수 있는,3,2024-02-03 23:54:50.059
CUSTOMER000000024334,가족과,3,2024-02-04 00:00:51.188
CUSTOMER000000024339,뚜벅이,6,2024-02-04 09:13:23.916
CUSTOMER000000013008,,4,2024-02-04 09:41:13.878
CUSTOMER000000019980,아이,6,2024-02-04 14:55:48.714
CUSTOMER000000024349,아이랑 ,4,2024-02-04 15:46:36.853
CUSTOMER000000024350,,7,2024-02-04 16:02:17.099
CUSTOMER000000024352,,4,2024-02-04 16:09:18.844
CUSTOMER000000024352,,1,2024-02-04 16:10:21.882
CUSTOMER000000024352,,4,2024-02-04 16:10:40.024
CUSTOMER000000024354,친구랑,3,2024-02-04 16:52:16.849
CUSTOMER000000024357,가족과 함께 ,3,2024-02-04 18:30:54.22
CUSTOMER000000024361,아이,3,2024-02-04 19:39:18.203
CUSTOMER000000024362,,3,2024-02-04 20:18:40.158
CUSTOMER000000024367,두돌 아기랑,4,2024-02-04 23:22:33.027
CUSTOMER000000024367,두돌 아기랑 태교 여행,4,2024-02-04 23:23:11.516
CUSTOMER000000024367,3월 초 두돌 아기랑 태교 여행,4,2024-02-04 23:25:33.223
CUSTOMER000000017594,,2,2024-02-05 00:02:30.216
CUSTOMER000000017594,애인,2,2024-02-05 00:03:23.545
CUSTOMER000000024379,,4,2024-02-05 12:22:46.293
CUSTOMER000000024384,,1,2024-02-05 15:35:36.701
CUSTOMER000000017206,그냥,5,2024-02-05 17:27:12.989
CUSTOMER000000024391,아이,4,2024-02-05 18:21:28.403
CUSTOMER000000024396,,3,2024-02-05 22:09:10.812
CUSTOMER000000024398,남친,4,2024-02-05 23:52:25.605
CUSTOMER000000024398,2월,4,2024-02-06 00:01:13.929
CUSTOMER000000024399,아이함,6,2024-02-06 02:39:19.819
CUSTOMER000000024400,커플여행,8,2024-02-06 02:44:35.162
CUSTOMER000000024403,,5,2024-02-06 10:50:18.918
CUSTOMER000000024404,시이모님들과 함께하는,3,2024-02-06 11:08:45.327
CUSTOMER000000024406,,4,2024-02-06 11:17:38.458
CUSTOMER000000024406,부모님과,4,2024-02-06 11:18:08.535
CUSTOMER000000024404,시부모님과 함께 힐링하는,3,2024-02-06 17:08:27.473
CUSTOMER000000024412,혼자,4,2024-02-06 17:24:36.018
CUSTOMER000000024412,대정읍에서 혼자,4,2024-02-06 17:25:11.601
CUSTOMER000000024415,인스타스팟,4,2024-02-06 20:32:41.269
CUSTOMER000000024419,우도 1박,2,2024-02-07 00:23:41.183
CUSTOMER000000024260,엄마랑 조용한 숨겨진 여행지,3,2024-02-07 02:48:14.653
CUSTOMER000000024420,동생과함께,7,2024-02-07 03:02:34.527
CUSTOMER000000024421,남친이랑 보내는,3,2024-02-07 07:53:18.941
CUSTOMER000000024421,남친이랑보내는 가까운곳,3,2024-02-07 07:55:40.814
CUSTOMER000000024421,남친이랑보내는 애월,3,2024-02-07 07:56:35.129
CUSTOMER000000024422,아이와 함께할수있는 ,4,2024-02-07 08:41:07.268
CUSTOMER000000024424,,3,2024-02-07 10:16:38.75
CUSTOMER000000024425,,8,2024-02-07 10:21:36.276
CUSTOMER000000024427,졸업여행,3,2024-02-07 11:39:24.431
CUSTOMER000000024427,서쪽 남쪽 여행,3,2024-02-07 11:41:11.065
CUSTOMER000000024427,겨울여행,3,2024-02-07 11:41:49.231
CUSTOMER000000024428,,4,2024-02-07 13:17:24.399
CUSTOMER000000024429,연인과,5,2024-02-07 13:59:27.991
CUSTOMER000000024430,,3,2024-02-07 16:01:48.197
CUSTOMER000000024438,,4,2024-02-07 22:13:45.163
CUSTOMER000000024438,아이들,4,2024-02-07 22:14:56.5
CUSTOMER000000024441,어른들과,5,2024-02-08 01:11:21.83
CUSTOMER000000024445,,3,2024-02-08 13:06:27.737
CUSTOMER000000024447,친구랑,3,2024-02-08 14:24:00.812
CUSTOMER000000024452,,3,2024-02-08 23:27:59.087
CUSTOMER000000024453,아기와 함께하는,6,2024-02-08 23:52:40.853
CUSTOMER000000024452,중문,2,2024-02-09 00:32:50.433
CUSTOMER000000024455,아이들,4,2024-02-09 01:33:21.755
CUSTOMER000000024456,아이들,4,2024-02-09 02:32:18.408
CUSTOMER000000024457,부모님과 여행,4,2024-02-09 07:27:44.177
CUSTOMER000000024455,,3,2024-02-09 10:56:27.956
CUSTOMER000000024455,,3,2024-02-09 10:56:58.837
CUSTOMER000000024461,,5,2024-02-09 14:08:03.233
CUSTOMER000000024462,6월 여행,4,2024-02-09 16:18:19.507
CUSTOMER000000024464,뚜,9,2024-02-09 19:30:41.78
CUSTOMER000000024467,아기,4,2024-02-10 01:42:22.835
CUSTOMER000000024468,넘친이랑 갈곳,2,2024-02-10 08:48:18.363
CUSTOMER000000024468,서쪽이랑 남쪽 남친이랑 갈곳,2,2024-02-10 08:51:11.109
CUSTOMER000000024476,,3,2024-02-10 18:57:04.388
CUSTOMER000000024476,가,3,2024-02-10 18:59:23.383
CUSTOMER000000024481,아이랑,4,2024-02-11 09:18:12.661
CUSTOMER000000024483,,3,2024-02-11 11:13:28.789
CUSTOMER000000023823,,5,2024-02-11 19:36:44.59
CUSTOMER000000024492,뚜벅이,3,2024-02-11 21:13:16.118
CUSTOMER000000024492,뚜벅이 애월,3,2024-02-11 21:13:36.549
CUSTOMER000000024492,뚜벅이 애월, 한림,3,2024-02-11 21:13:54.203
CUSTOMER000000024498,아이와 함께 갈 수 있는,3,2024-02-12 03:09:37.954
CUSTOMER000000024500,아이와 함께하는,4,2024-02-12 08:36:41.083
CUSTOMER000000024502,벚꽃 볼 수 있는,4,2024-02-12 11:10:03.844
CUSTOMER000000024504,혼자여행,4,2024-02-12 14:28:08.283
CUSTOMER000000024505,,3,2024-02-12 17:10:47.315
CUSTOMER000000024507,,4,2024-02-12 19:24:25.523
CUSTOMER000000024508,할머니, 엄마, 이모, 오빠와 함께할 수 있는,4,2024-02-12 20:57:13.734
CUSTOMER000000024509,배 낚시,4,2024-02-12 21:04:00.135
CUSTOMER000000024509,야구,4,2024-02-12 21:05:30.78
CUSTOMER000000024509,맛집,4,2024-02-12 21:10:44.047
CUSTOMER000000024510,아이 여행일정 알려줘,4,2024-02-12 22:15:57.908
CUSTOMER000000024510, 조천에서 아이와 함께하는 여행일정 알려줘,2,2024-02-12 22:17:03.841
CUSTOMER000000024511,,5,2024-02-12 22:20:48.881
CUSTOMER000000024510,비오는 날 조천에서 아이와 함께하는 여행일정 알려줘,2,2024-02-12 22:22:45.236
CUSTOMER000000024514,1인여행,4,2024-02-13 07:55:54.848
CUSTOMER000000024515,부모님과 함께,3,2024-02-13 10:30:45.073
CUSTOMER000000024517,,5,2024-02-13 12:30:35.772
CUSTOMER000000024520,,4,2024-02-13 17:34:20.214
CUSTOMER000000024520,아이와 함께하는,3,2024-02-13 17:34:37.659
CUSTOMER000000024523,아이랑 함께 ,4,2024-02-13 21:07:56.914
CUSTOMER000000024523,장애아이랑 함께 ,4,2024-02-13 21:10:27.597
CUSTOMER000000024523,실내에서 놀 수 있는,4,2024-02-13 21:11:57.745
CUSTOMER000000024525,술,3,2024-02-13 21:57:32.922
CUSTOMER000000024525,아이,3,2024-02-13 21:59:11.428
CUSTOMER000000024526,아이와 함께할 수 있는,4,2024-02-13 22:23:14.659
CUSTOMER000000022024,친구들,4,2024-02-13 23:31:42.394
CUSTOMER000000024527,혼자여행,3,2024-02-14 01:38:45.771
CUSTOMER000000024528,아이와함께,4,2024-02-14 01:55:21.858
CUSTOMER000000024534,,3,2024-02-14 13:00:56.078
CUSTOMER000000024535,,1,2024-02-14 13:06:39.12
CUSTOMER000000024535,,1,2024-02-14 13:06:58.194
CUSTOMER000000024535,,9,2024-02-14 13:08:03.32
CUSTOMER000000024536,,2,2024-02-14 14:43:44.922
CUSTOMER000000024537,7세아이와함께,3,2024-02-14 15:30:15.69
CUSTOMER000000024539,힐링,5,2024-02-14 16:57:11.115
CUSTOMER000000024539,가족힐링,5,2024-02-14 16:59:23.94
CUSTOMER000000024539,,5,2024-02-14 17:00:33.613
CUSTOMER000000024540,커플여행,4,2024-02-14 17:09:48.208
CUSTOMER000000024541,힐링,4,2024-02-14 17:37:21.177
CUSTOMER000000024542,가족과 함께하는,4,2024-02-14 19:43:34.819
CUSTOMER000000024543,5,5,2024-02-14 20:27:20.205
CUSTOMER000000024543,6,5,2024-02-14 20:27:33.414
CUSTOMER000000024543,6,6,2024-02-14 20:27:46.084
CUSTOMER000000024546,엄마와 함께하는,6,2024-02-14 23:24:48.799
CUSTOMER000000024546,엄마와 함께할수있는,3,2024-02-14 23:27:49.691
CUSTOMER000000024547,아이랑,4,2024-02-15 00:05:41.391
CUSTOMER000000024547,35개월 아이랑 아쿠아리움,4,2024-02-15 00:12:05.295
CUSTOMER000000024548,가족과 함께 할 수 있는,4,2024-02-15 00:28:17.282
CUSTOMER000000024548,가족과 함께 할 수 있는,4,2024-02-15 00:30:24.438
CUSTOMER000000024548,애월에서 가족과 함께 할 수 있는,1,2024-02-15 00:32:55.479
CUSTOMER000000024079,,4,2024-02-15 05:20:50.584
CUSTOMER000000024551,안나랑,3,2024-02-15 07:20:34.605
CUSTOMER000000024552,,1,2024-02-15 07:34:21.917
CUSTOMER000000024553,9,1,2024-02-15 10:47:16.693
CUSTOMER000000024554,,2,2024-02-15 11:13:41.073
CUSTOMER000000024554,,2,2024-02-15 11:16:25.525
CUSTOMER000000024554,,2,2024-02-15 11:18:03.918
CUSTOMER000000024561,,2,2024-02-15 13:45:01.968
CUSTOMER000000024563,처가집 식구들과,3,2024-02-15 14:33:18.007
CUSTOMER000000024565,,3,2024-02-15 14:47:49.206
CUSTOMER000000024566,아이와 함께,3,2024-02-15 15:05:10.527
CUSTOMER000000024569,부모님 모시고 갈만한,5,2024-02-15 17:58:28.93
CUSTOMER000000024569,부모님 모시고 갈만한,5,2024-02-15 17:59:21.949
CUSTOMER000000024572,엄마와함께,4,2024-02-15 18:16:21.855
CUSTOMER000000024569,ㅎㅇ,3,2024-02-15 18:53:34.646
CUSTOMER000000024529,곤충관련,4,2024-02-15 19:48:59.642
CUSTOMER000000024575,,4,2024-02-15 19:56:26.096
CUSTOMER000000024575,아이들이 좋아하는 ,4,2024-02-15 19:57:11.384
CUSTOMER000000024415,힐링과 전시회 카페,4,2024-02-15 20:16:09.214
CUSTOMER000000024576,,3,2024-02-15 20:36:37.954
CUSTOMER000000024578,,3,2024-02-15 21:21:24.172
CUSTOMER000000024581,연인과 함께하는,4,2024-02-15 22:49:52.492
CUSTOMER000000024582,연인과 함께하는,4,2024-02-15 22:56:31.59
CUSTOMER000000024583,강아지,3,2024-02-15 22:58:23.288
CUSTOMER000000024586,,4,2024-02-15 23:47:18.51
CUSTOMER000000024587,가족,4,2024-02-15 23:55:02.612
CUSTOMER000000024588,연인과,2,2024-02-16 00:19:44.876
CUSTOMER000000024590,여자 혼자 힐링,6,2024-02-16 02:10:04.125
CUSTOMER000000024590,40대 여자 혼자 힐링 낮잠,6,2024-02-16 02:12:30.387
CUSTOMER000000024590,40대 여자 혼자 힐링 낮잠 자동차없음,6,2024-02-16 02:13:54.989
CUSTOMER000000024591,,4,2024-02-16 07:51:16.902
CUSTOMER000000024591,승마.애월코스제외,4,2024-02-16 07:52:21.419
CUSTOMER000000024591,승마.애월지역제외.커플여행,4,2024-02-16 07:53:11.478
CUSTOMER000000024593,,3,2024-02-16 09:26:14.71
CUSTOMER000000024594,친구랑,3,2024-02-16 09:49:52.729
CUSTOMER000000024597,,3,2024-02-16 11:58:32.914
CUSTOMER000000024597,한라산 등반 포함 코스,3,2024-02-16 11:59:03.219
CUSTOMER000000024597,한라산 등반 포함 차없는 코스,3,2024-02-16 12:00:52.135
CUSTOMER000000024600,,4,2024-02-16 12:38:30.759
CUSTOMER000000024600,갖ㅡㄱ,4,2024-02-16 12:45:13.783
CUSTOMER000000024602,부ㅁㅡ,3,2024-02-16 13:45:59.531
CUSTOMER000000024608,부부,3,2024-02-16 16:27:28.179
CUSTOMER000000024613,임산부가  갈 수 있는,4,2024-02-16 20:02:24.084
CUSTOMER000000024614,,4,2024-02-16 20:16:14.578
CUSTOMER000000024616,혼자 즐길 수 있는,4,2024-02-16 21:40:40.511
CUSTOMER000000024616,1일차에 서귀포 2일차에 애월 3일차에 제주시 4일차에 제주공항 근처로,4,2024-02-16 21:41:34.809
CUSTOMER000000024616,1일차에 서귀포 2일차에 애월 3일차에 제주시 4일차에 제주공항 근처로,4,2024-02-16 21:42:13.62
CUSTOMER000000024618,,3,2024-02-16 21:55:40.878
CUSTOMER000000024619,,3,2024-02-16 22:48:44.94
CUSTOMER000000024623,아이와 가족동반,4,2024-02-16 23:32:52.882
CUSTOMER000000024625,가족,3,2024-02-17 00:35:15.676
CUSTOMER000000024625,뚜벅,3,2024-02-17 00:35:42.967
CUSTOMER000000024626,아이와 함께,3,2024-02-17 02:22:01.721
CUSTOMER000000024626,신화월드와 켄싱턴리조트 중문에서 각각 아이와 1박,3,2024-02-17 02:25:50.634
CUSTOMER000000024626,아이와 함께 신화월드에서 1박 후 켄싱턴리조트 중문에서 1박할 예정이고 아쿠아 플라넷은 꼭 가고 싶어,3,2024-02-17 02:27:36.85
CUSTOMER000000024627,부모님이랑 함께,4,2024-02-17 03:41:30.935
CUSTOMER000000024554,,1,2024-02-18 08:26:24.005
CUSTOMER000000024554,ㅅㅣ귚ㅡ,1,2024-02-18 08:26:56.684
CUSTOMER000000024627,,4,2024-02-17 03:46:34.9
CUSTOMER000000024627,,4,2024-02-17 03:47:57.119
CUSTOMER000000024628,아이,5,2024-02-17 05:41:19.36
CUSTOMER000000024629,남편과,2,2024-02-17 06:17:54.713
CUSTOMER000000024554,,2,2024-02-17 08:08:36.999
CUSTOMER000000024554,,2,2024-02-17 08:10:00.176
CUSTOMER000000024554,,2,2024-02-17 08:11:05.689
CUSTOMER000000024631,가족과 힐링하는,4,2024-02-17 09:50:56.337
CUSTOMER000000024631,엄마와 힐링하는,4,2024-02-17 09:51:18.785
CUSTOMER000000024632,맛집탐방,4,2024-02-17 10:19:23.65
CUSTOMER000000024640,,9,2024-02-17 14:59:50.846
CUSTOMER000000024616,1일차에는 서귀포 2일차에는 애월 3일차에는 제주시 4일차에는 제주공한 근처로 혼자서 여행할,4,2024-02-17 15:46:45.684
CUSTOMER000000024643,여자친구와 데이트 코스,4,2024-02-17 15:56:54.849
CUSTOMER000000024415,해변관광1번,오름1번,카페2번,주제가 다른 전시회2개,체험2개,힐링,4,2024-02-17 17:23:58.126
CUSTOMER000000024415,전체일정중 해변관광1번,오름1번,카페2번,주제가 다른 전시회2개,체험2개,힐링,4,2024-02-17 17:25:23.532
CUSTOMER000000024646,,3,2024-02-17 17:41:33.378
CUSTOMER000000024646,,3,2024-02-17 17:43:11.36
CUSTOMER000000024646,배우자,3,2024-02-17 17:44:07.557
CUSTOMER000000024648,친구랑 떠나는 여행,8,2024-02-17 19:07:13.572
CUSTOMER000000024649,애인과 함께하는,4,2024-02-17 19:53:20.367
CUSTOMER000000024651,애인과 함께할수있는,4,2024-02-17 19:58:30.337
CUSTOMER000000024652,실내,2,2024-02-17 20:19:57.385
CUSTOMER000000024653,,4,2024-02-17 21:16:28.266
CUSTOMER000000024653,,4,2024-02-17 21:16:54.226
CUSTOMER000000024654,아이들 함께 ,4,2024-02-17 21:41:48.811
CUSTOMER000000024655,,3,2024-02-17 21:42:01.357
CUSTOMER000000024656,부모님과아이들,4,2024-02-17 21:47:40.901
CUSTOMER000000024659,,4,2024-02-17 22:16:57.988
CUSTOMER000000024659,,4,2024-02-17 22:21:06.014
CUSTOMER000000024659,비,4,2024-02-17 22:21:49.53
CUSTOMER000000024663,,4,2024-02-17 23:57:16.382
CUSTOMER000000024627,부모님이랑,4,2024-02-18 03:59:15.11
CUSTOMER000000024627,우도  포함하는,4,2024-02-18 04:01:12.451
CUSTOMER000000024627,가족과 함께하는,4,2024-02-18 04:02:58.824
CUSTOMER000000024554,,1,2024-02-18 08:27:27.135
CUSTOMER000000024668,,3,2024-02-18 09:07:56.105
CUSTOMER000000024669,아름다운,1,2024-02-18 11:00:51.876
CUSTOMER000000024669,꿈같은,1,2024-02-18 11:02:01.359
CUSTOMER000000024669,쿨한,1,2024-02-18 11:02:59.998
CUSTOMER000000024646,배우자,3,2024-02-18 11:10:20.512
CUSTOMER000000024646,배우자,3,2024-02-18 11:11:06.182
CUSTOMER000000024646,배우자,3,2024-02-18 11:12:29.189
CUSTOMER000000024677,,3,2024-02-18 15:03:07.406
CUSTOMER000000024677,한라산등산,3,2024-02-18 15:03:33.001
CUSTOMER000000024679,일출 일몰여행,5,2024-02-18 16:11:44.288
CUSTOMER000000024680,,5,2024-02-18 16:12:26.172
CUSTOMER000000024680,,1,2024-02-18 16:25:04.764
CUSTOMER000000024680,,5,2024-02-18 16:25:16.022
CUSTOMER000000024679,,5,2024-02-18 16:28:42.442
CUSTOMER000000024681,친구,3,2024-02-18 18:23:20.453
CUSTOMER000000024682,아이와 함께할수 있는,4,2024-02-18 18:40:12.575
CUSTOMER000000024683,우도,3,2024-02-18 19:25:23.987
CUSTOMER000000024683,숙소가 월정리이고 우도를 가는,3,2024-02-18 19:26:50.276
CUSTOMER000000024689,,4,2024-02-18 21:07:30.939
CUSTOMER000000024690,,3,2024-02-18 21:43:35.454
CUSTOMER000000024691,,5,2024-02-18 21:57:43.04
CUSTOMER000000024692,,4,2024-02-18 22:12:20.632
CUSTOMER000000024692,,4,2024-02-18 22:14:21.716
CUSTOMER000000024679,,5,2024-02-18 22:45:50.715
CUSTOMER000000024696,아기랑 함께,3,2024-02-19 00:13:59.227
CUSTOMER000000024697,남자친구랑 힐링,4,2024-02-19 00:14:33.235
CUSTOMER000000024696,아기랑 함께,3,2024-02-19 00:14:53.237
CUSTOMER000000024696,아기랑 함께,3,2024-02-19 00:17:33.003
CUSTOMER000000024691,,5,2024-02-19 00:37:06.587
CUSTOMER000000024627,즐거운,3,2024-02-19 03:43:22.836
CUSTOMER000000023823,비,6,2024-02-19 07:44:05.177
CUSTOMER000000024704,가족과,4,2024-02-19 10:08:00.971
CUSTOMER000000024710,,9,2024-02-19 12:53:00.137
CUSTOMER000000024714,,3,2024-02-19 14:12:05.037
CUSTOMER000000024714,,3,2024-02-19 14:19:39.408
CUSTOMER000000024714,,4,2024-02-19 14:21:29.012
CUSTOMER000000024715,서북부,4,2024-02-19 14:51:25.859
CUSTOMER000000024715,서북부쪽 인스타감성,4,2024-02-19 14:53:24.121
CUSTOMER000000024715,서북부 인스타감성 벤티모호텔,4,2024-02-19 14:56:57.751
CUSTOMER000000024716,,4,2024-02-19 15:03:05.808
CUSTOMER000000024717,아이와 함께할수이ㅛ는,4,2024-02-19 15:11:03.289
CUSTOMER000000024681,친구,3,2024-02-19 15:49:24.792
CUSTOMER000000024720,부모님과,9,2024-02-19 18:18:54.732
CUSTOMER000000024720,부모님과 함께하는,9,2024-02-19 18:36:21.949
CUSTOMER000000024721,,6,2024-02-19 18:49:10.259
CUSTOMER000000024725,,3,2024-02-19 20:44:51.162
CUSTOMER000000024726,제주공항 근처 대중교통으로 가는 1인여행,3,2024-02-19 21:22:53.014
CUSTOMER000000024727,,7,2024-02-19 22:08:41.45
CUSTOMER000000024728,,4,2024-02-19 22:16:17.649
CUSTOMER000000024729,연인,9,2024-02-19 22:32:13.711
CUSTOMER000000024730,아이와 함께,3,2024-02-19 23:31:11.569
CUSTOMER000000024731,60대 부부 ,3,2024-02-19 23:50:50.69
CUSTOMER000000024739,,4,2024-02-20 08:44:15.835
CUSTOMER000000024744,혼자,9,2024-02-20 12:59:55.214
CUSTOMER000000024746,가족들과,3,2024-02-20 13:07:46.357
CUSTOMER000000024646,배우자,1,2024-02-20 13:33:12.537
CUSTOMER000000024646,배우자,3,2024-02-20 13:33:25.119
CUSTOMER000000024646,배우자,3,2024-02-20 13:35:35.744
CUSTOMER000000024748,부ㅁㅡ,3,2024-02-20 15:53:38.972
CUSTOMER000000024720,부모님과 함께 하는서쪽 여행계획,6,2024-02-20 15:55:21.939
CUSTOMER000000024749,바다뷰,1,2024-02-20 16:06:07.695
CUSTOMER000000024752,,3,2024-02-20 17:16:33.413
CUSTOMER000000024753,아이,1,2024-02-20 17:22:51.415
CUSTOMER000000024754,,4,2024-02-20 18:15:26.509
CUSTOMER000000024755,,3,2024-02-20 18:41:31.161
CUSTOMER000000024755,아이랑,3,2024-02-20 18:43:13.374
CUSTOMER000000024755,,3,2024-02-20 18:45:55.512
CUSTOMER000000024756,애월, 서귀포,3,2024-02-20 19:43:26.341
CUSTOMER000000024756,애월, 서귀포,3,2024-02-20 19:43:45.173
CUSTOMER000000024756,애월, 서귀포가족,3,2024-02-20 19:52:38.57
CUSTOMER000000024696,,3,2024-02-20 23:10:12.752
CUSTOMER000000024763,,5,2024-02-21 00:01:50.883
CUSTOMER000000024765,,4,2024-02-21 01:03:24.338
CUSTOMER000000024765,연인과 함께하는,4,2024-02-21 01:04:09.659
CUSTOMER000000024766,,3,2024-02-21 01:29:15.629
CUSTOMER000000024741,,3,2024-02-21 13:06:17.661
CUSTOMER000000024771,뚜벅이,4,2024-02-21 13:12:06.214
CUSTOMER000000024771,뚜벅이,4,2024-02-21 13:12:23.498
CUSTOMER000000024771,혼자 뚜벅이,4,2024-02-21 13:14:03.712
CUSTOMER000000024755,아이랑,1,2024-02-21 17:36:01.373
CUSTOMER000000024756,안덕,3,2024-02-21 19:43:26.408
CUSTOMER000000024756,서부,3,2024-02-21 19:44:23.586
CUSTOMER000000024776,아이와함께할수있는,4,2024-02-21 19:57:54.164
CUSTOMER000000024780,,3,2024-02-21 22:26:37.621
CUSTOMER000000024780,,3,2024-02-21 22:28:37.598
CUSTOMER000000024780,,3,2024-02-21 22:31:35.231
CUSTOMER000000024756,오름,3,2024-02-21 22:36:02.333
CUSTOMER000000024664,연인과 함께,4,2024-02-21 23:21:14.803
CUSTOMER000000024785,,4,2024-02-22 01:34:26.173
CUSTOMER000000024627,,4,2024-02-22 03:56:35.387
CUSTOMER000000024627,,4,2024-02-22 04:00:08.638
CUSTOMER000000019710,부모님이랑 함께 ,3,2024-02-22 06:38:52.766
CUSTOMER000000024787,,6,2024-02-22 08:30:25.527
CUSTOMER000000024714,,3,2024-02-22 11:20:35.227
CUSTOMER000000024789,아이랑,4,2024-02-22 12:09:43.215
CUSTOMER000000024790,,3,2024-02-22 12:41:24.001
CUSTOMER000000023196,,2,2024-02-22 14:59:35.936
CUSTOMER000000022952,,3,2024-02-22 15:58:21.451
CUSTOMER000000024213,할머니와 가족,4,2024-02-22 16:08:16.055
CUSTOMER000000024796,3박4일 부모님 여핼,4,2024-02-22 18:38:18.359
CUSTOMER000000024796,3박4일 섬 시계방향 투어 부모님 여행,4,2024-02-22 18:45:16.684
CUSTOMER000000024796,3박4일 부모님 여행,4,2024-02-22 18:51:16.261
CUSTOMER000000024797,아이,3,2024-02-22 19:05:09.345
CUSTOMER000000024756,수목원, 식물원,3,2024-02-22 23:02:58.07
CUSTOMER000000024756,동쪽,3,2024-02-22 23:07:55.344
CUSTOMER000000024799,대학생 딸이랑,3,2024-02-22 23:37:59.636
CUSTOMER000000024800,,7,2024-02-23 01:09:24.642
CUSTOMER000000024597,시내,2,2024-02-23 01:55:14.644
CUSTOMER000000024597,이도2동부터 한라산과 마라도,3,2024-02-23 01:56:01.067
CUSTOMER000000024597,이도2동부터 한라산과 마라도 마지막날 이른 아침 서울로 출발,3,2024-02-23 01:57:04.723
CUSTOMER000000024801,연인과 함께할수 있는,3,2024-02-23 08:42:23.962
CUSTOMER000000024802,커플여행,3,2024-02-23 08:52:09.836
CUSTOMER000000024803,,2,2024-02-23 09:32:10.269
CUSTOMER000000024804,데이트,4,2024-02-23 12:07:11.573
CUSTOMER000000024807,여자 혼자 1박 2일,2,2024-02-23 15:33:58.752
CUSTOMER000000024808,친구,3,2024-02-23 16:26:05.654
CUSTOMER000000024808,서쪽친구여행,3,2024-02-23 16:26:33.607
CUSTOMER000000024810,,4,2024-02-23 17:29:50.501
CUSTOMER000000024625,자매와함께,3,2024-02-23 20:05:40.635
CUSTOMER000000024796,3박4일 중년부부여행,4,2024-02-24 00:40:30.282
CUSTOMER000000024796,3박4일 제주항으로 도착한 부모님야행,4,2024-02-24 00:41:13.684
CUSTOMER000000024796,제주항에서 시작하는 부모님여행,4,2024-02-24 00:43:11.36
CUSTOMER000000024819,친구와 함께하는,2,2024-02-24 04:23:37.708
CUSTOMER000000024647,가족과 함께 하는,6,2024-02-24 07:42:59.568
CUSTOMER000000023029,,3,2024-02-24 12:26:20.146
CUSTOMER000000023029,,3,2024-02-24 12:27:07.272
CUSTOMER000000024802,서귀포,1,2024-02-24 14:13:40.479
CUSTOMER000000023375,5박6일,9,2024-02-24 14:22:03.366
CUSTOMER000000024821,아냉ㅡㅏ 함께 ,3,2024-02-24 19:47:47.347
CUSTOMER000000024825,,4,2024-02-24 22:02:27.442
CUSTOMER000000024647,가족과 함께 하는,6,2024-02-24 22:14:06.84
CUSTOMER000000024647,가족과 함께 하는,6,2024-02-24 22:15:29.718
CUSTOMER000000024829,,4,2024-02-25 09:19:06.743
CUSTOMER000000018754,남자들 끼리 ,3,2024-02-25 09:41:51.655
CUSTOMER000000024646,배우자,3,2024-02-25 10:04:23.605
CUSTOMER000000024646,배우자,3,2024-02-25 10:07:11.686
CUSTOMER000000024646,배우자,3,2024-02-25 10:09:23.616
CUSTOMER000000024832,친구와 함께하는,7,2024-02-25 14:06:03.618
CUSTOMER000000024837,1달 살기,9,2024-02-25 17:31:21.533
CUSTOMER000000024838,아이와 힘께,3,2024-02-25 20:04:21.116
CUSTOMER000000024839,1,6,2024-02-25 20:12:40.986
CUSTOMER000000024841,,3,2024-02-25 23:28:29.816
CUSTOMER000000024841,여자친구와 함께 할수있는,3,2024-02-25 23:31:23.59
CUSTOMER000000024842,엄마와,3,2024-02-26 03:20:41.784
CUSTOMER000000024843,아기랑,4,2024-02-26 07:01:28.41
CUSTOMER000000024844,부모님과,3,2024-02-26 08:46:09.042
CUSTOMER000000024844,부모님과 마라도,5,2024-02-26 08:50:27.711
CUSTOMER000000024845,가족과 한께,4,2024-02-26 10:29:29.429
CUSTOMER000000024845,가족과 함께,4,2024-02-26 10:32:05.249
CUSTOMER000000024846,아이와 어른과 같이 하는 여행,4,2024-02-26 10:39:51.381
CUSTOMER000000024845,6인가족,4,2024-02-26 12:09:48.637
CUSTOMER000000024849,,4,2024-02-26 18:17:16.405
CUSTOMER000000024849,,4,2024-02-26 18:21:29.871
CUSTOMER000000024841,여자친구와 ,3,2024-02-26 19:59:50.562
CUSTOMER000000024853,,2,2024-02-26 21:17:13.901
CUSTOMER000000024853,,2,2024-02-26 21:20:29.354
CUSTOMER000000024853,,2,2024-02-26 21:21:59.195
CUSTOMER000000024854,,3,2024-02-26 22:20:10.403
CUSTOMER000000024855,,3,2024-02-26 22:50:27.605
CUSTOMER000000024857,커플여행,3,2024-02-27 08:12:11.858
CUSTOMER000000024858,친구들과,3,2024-02-27 08:53:19.585
CUSTOMER000000024858,,3,2024-02-27 08:57:54.737
CUSTOMER000000024858,서쪽으로,3,2024-02-27 09:02:58.88
CUSTOMER000000023196,,2,2024-02-27 09:07:27.651
CUSTOMER000000022863,오늘 날짜로 2박 일정 만들어줘,2,2024-02-27 09:08:32.502
CUSTOMER000000023196,,2,2024-02-27 10:15:38.424
CUSTOMER000000023196,,2,2024-02-27 10:21:00.349
CUSTOMER000000023196,,2,2024-02-27 13:07:15.765
CUSTOMER000000024865,,3,2024-02-28 00:10:24.915
CUSTOMER000000024866,아기랑,4,2024-02-28 00:32:21.169
CUSTOMER000000024867,with husband,5,2024-02-28 01:30:46.893
CUSTOMER000000024868,,2,2024-02-28 01:32:08.328
CUSTOMER000000022065,,2,2024-02-28 09:12:33.109
CUSTOMER000000009878,어른들의 휴식,6,2024-02-28 09:40:01.094
CUSTOMER000000024870,친구들,3,2024-02-28 10:42:08.377
CUSTOMER000000009878,어른들의 휴식,6,2024-02-28 10:47:24.667
CUSTOMER000000023196,,1,2024-02-28 14:45:40.901
CUSTOMER000000024855,,3,2024-02-28 15:30:16.363
CUSTOMER000000024878,부모님과 함께하는 가족 여행,3,2024-02-29 05:33:50.466
CUSTOMER000000024879,아이와함께 가족여행,5,2024-02-29 09:15:46.096
CUSTOMER000000024879,아이와 함께할수있는,5,2024-02-29 09:17:35.976
CUSTOMER000000001011,,2,2024-02-29 14:47:21.109
CUSTOMER000000024880,,7,2024-02-29 14:58:33.903
CUSTOMER000000024881,,5,2024-02-29 16:49:53.019
CUSTOMER000000024883,,3,2024-02-29 19:46:26.917
CUSTOMER000000024883,자연을 볼 수 있는,3,2024-02-29 19:46:40.278
CUSTOMER000000024883,자연을 볼 수 있는,3,2024-02-29 19:54:48.65
CUSTOMER000000024646,배우자랑,3,2024-02-29 20:42:51.728
CUSTOMER000000024646,배우자랑,3,2024-02-29 20:43:41.535
CUSTOMER000000024646,배우자랑,3,2024-02-29 20:43:55.664
CUSTOMER000000024885,아이,4,2024-02-29 22:11:56.17
CUSTOMER000000024885,아이 같이,4,2024-02-29 22:13:09.413
CUSTOMER000000024885,,4,2024-02-29 22:14:35.585
CUSTOMER000000024886,아이,5,2024-02-29 23:05:23.362
CUSTOMER000000024888,,5,2024-03-01 00:40:00.425
CUSTOMER000000024888,꽃 구경,5,2024-03-01 00:40:27.475
CUSTOMER000000024889,아이ㅇㅡㅏ,9,2024-03-01 01:40:14.972
CUSTOMER000000024889,아이랑,9,2024-03-01 01:40:45.399
CUSTOMER000000024891,,6,2024-03-01 09:23:13.063
CUSTOMER000000024892,,3,2024-03-01 13:27:06.876
CUSTOMER000000007343,앙,2,2024-03-01 13:53:15.919
CUSTOMER000000024893,커플,4,2024-03-01 14:18:07.226
CUSTOMER000000024894,,6,2024-03-01 15:07:23.395
CUSTOMER000000024895,,4,2024-03-01 16:46:22.99
CUSTOMER000000017977,혼자여행,4,2024-03-01 17:15:22.434
CUSTOMER000000017977,혼자뚜벅이,4,2024-03-01 17:15:47.338
CUSTOMER000000017977,혼자뚜벅이,3,2024-03-01 17:15:54.587
CUSTOMER000000024897,,4,2024-03-01 17:35:50.573
CUSTOMER000000024896,,3,2024-03-01 17:36:11.473
CUSTOMER000000024896,신낙ㅣㅣ ㄴㅡㄹ 수 있는,3,2024-03-01 17:37:03.979
CUSTOMER000000024647,가족 여행,5,2024-03-01 19:22:08.612
CUSTOMER000000024647,가족 여행,4,2024-03-01 19:24:57.868
CUSTOMER000000024901,,1,2024-03-02 09:01:32.066
CUSTOMER000000024901,,4,2024-03-02 09:03:08.097
CUSTOMER000000004264,커플여행,4,2024-03-02 12:15:48.167
CUSTOMER000000004264,사진찍기 좋은 여행,4,2024-03-02 12:19:13.689
CUSTOMER000000024905,연인과 함께,3,2024-03-02 17:02:50.835
CUSTOMER000000024907,,5,2024-03-02 20:20:23.927
CUSTOMER000000024910,,8,2024-03-02 23:02:23.436
CUSTOMER000000024912,ㅎㅡㄴ자하는,4,2024-03-03 01:41:10.841
CUSTOMER000000024914,,1,2024-03-03 07:33:29.689
CUSTOMER000000024915,칠순잔치 trip,3,2024-03-03 08:10:39.141
CUSTOMER000000024910,,8,2024-03-03 09:33:12.442
CUSTOMER000000024919,,2,2024-03-03 15:00:46.471
CUSTOMER000000024919,부모님과 함께,2,2024-03-03 15:02:48.923
CUSTOMER000000024919,가족과 함께,2,2024-03-03 15:05:56.102
CUSTOMER000000024920,숙소 서귀포에서 점심 갈치찜,2,2024-03-03 15:09:46.419
CUSTOMER000000024920,이중섭미술관에서 제주국제공항,1,2024-03-03 15:52:19.935
CUSTOMER000000024920,이중섭미술관에서 제주국제공항 7시 30분도착,1,2024-03-03 15:53:09.997
CUSTOMER000000024921,,8,2024-03-03 15:54:08.459
CUSTOMER000000024924,15명 대가족과 함께하는,4,2024-03-03 18:47:13.2
CUSTOMER000000009049,친구,3,2024-03-03 21:36:02.512
CUSTOMER000000024926,,3,2024-03-03 23:31:15.268
CUSTOMER000000024927,혼자여행,5,2024-03-03 23:36:42.619
CUSTOMER000000024928,즐겁게 지낼 수 있는,3,2024-03-03 23:39:23.505
CUSTOMER000000024932,혼자 여행,3,2024-03-04 01:37:06.034
CUSTOMER000000024935,두돌 아기와 함께,3,2024-03-04 08:06:12.616
CUSTOMER000000024937,ㄷㅣㅣ이트,3,2024-03-04 14:41:31.867
CUSTOMER000000024938,,5,2024-03-04 15:03:21.321
CUSTOMER000000024938,,5,2024-03-04 15:03:42.098
CUSTOMER000000024938,서쪽 뚜벅이 여행 할건데 계획 좀짜줘 유채꽃이 많이있는곳 맛집 예쁜카페추천해줘서 짜줘,5,2024-03-04 15:06:53.872
CUSTOMER000000024940,,4,2024-03-04 22:05:21.389
CUSTOMER000000024942,가,6,2024-03-05 00:12:07.856
CUSTOMER000000024943,아들하고 ,3,2024-03-05 00:22:35.921
CUSTOMER000000024946,,4,2024-03-05 08:13:33.718
CUSTOMER000000024947,,3,2024-03-05 09:11:49.977
CUSTOMER000000024947,부모님과 함께 하는 ,3,2024-03-05 09:14:15.848
CUSTOMER000000024948,,7,2024-03-05 09:35:39.326
CUSTOMER000000024950,혼자,7,2024-03-05 12:23:01.487
CUSTOMER000000009878,,4,2024-03-05 12:37:19.145
CUSTOMER000000024951,,6,2024-03-05 13:32:09.446
CUSTOMER000000024948,혼자 하는 도보 여행,7,2024-03-05 14:19:13.754
CUSTOMER000000024953,남자,6,2024-03-05 14:54:16.821
CUSTOMER000000024954,3박4일 데이트,4,2024-03-05 16:42:25.914
CUSTOMER000000024954,남친과 데이트,4,2024-03-05 16:44:16.537
CUSTOMER000000024956,,3,2024-03-05 18:02:43.871
CUSTOMER000000024957,,4,2024-03-05 20:29:44.213
CUSTOMER000000024958,여성 ,4,2024-03-05 21:05:23.982
CUSTOMER000000024963,,1,2024-03-06 09:17:09.023
CUSTOMER000000024947,서부 여행,3,2024-03-06 09:27:04.96
CUSTOMER000000024966,,4,2024-03-06 14:43:46.592
CUSTOMER000000024966,,4,2024-03-06 14:46:11.211
CUSTOMER000000024967,아이,3,2024-03-06 19:27:14.947
CUSTOMER000000024627,,4,2024-03-06 21:18:42.73
CUSTOMER000000024974,커플,3,2024-03-07 01:33:34.484
CUSTOMER000000024947,부모님과 함께 서부여행,3,2024-03-07 06:41:55.358
CUSTOMER000000024947,서부여행,3,2024-03-07 13:00:55.122
CUSTOMER000000024947,,3,2024-03-07 13:39:10.155
CUSTOMER000000024976,애인ㄱㅡㅏ,3,2024-03-07 15:46:28.002
CUSTOMER000000024980,,5,2024-03-07 21:18:47.147
CUSTOMER000000024981,부모님과 함께하는,4,2024-03-07 21:41:33.563
CUSTOMER000000024982,자전거,9,2024-03-07 22:20:10.278
CUSTOMER000000024983,,3,2024-03-07 22:32:34.398
CUSTOMER000000024982,자전거길 종주,5,2024-03-07 22:35:03.17
CUSTOMER000000024985,,9,2024-03-08 02:52:55.482
CUSTOMER000000024986,,9,2024-03-08 07:33:49.783
CUSTOMER000000024987,,2,2024-03-08 07:58:16.716
CUSTOMER000000023196,,2,2024-03-08 09:14:29.858
CUSTOMER000000024990,,4,2024-03-08 11:02:09.37
CUSTOMER000000023196,,2,2024-03-08 11:19:14.088
CUSTOMER000000001011,,1,2024-03-08 11:50:02.92
CUSTOMER000000024991,,2,2024-03-08 11:53:54.831
CUSTOMER000000024992,데이트,3,2024-03-08 12:50:59.46
CUSTOMER000000023196,,2,2024-03-08 15:07:48.971
CUSTOMER000000024991,아이와함께하는,2,2024-03-08 15:35:17.554
CUSTOMER000000024995,냥봉사가 목표,2,2024-03-08 17:51:28.788
CUSTOMER000000014092,혼자 감성적인,5,2024-03-08 19:55:46.96
CUSTOMER000000024997,혼자하는,3,2024-03-08 21:06:02.254
CUSTOMER000000024627,비오는 날,4,2024-03-08 21:12:51.185
CUSTOMER000000024998,,3,2024-03-08 21:24:44.325
CUSTOMER000000022060,친구들과 8명,4,2024-03-09 00:00:13.204
CUSTOMER000000025001,혼자,4,2024-03-09 00:01:01.606
CUSTOMER000000022060,친구들과 8명과 애월,4,2024-03-09 00:01:17.688
CUSTOMER000000025002,애인과가볼만한곳,1,2024-03-09 00:40:36.383
CUSTOMER000000025002,애인과 경치즐기고 시장도가고 붐위기잇는박물관도가고 중간중간 흑돼지 갈치도먹고 야경도즐기는거,1,2024-03-09 00:43:31.906
CUSTOMER000000025003,시리우스 근ㅊㅣ,2,2024-03-09 01:25:08.866
CUSTOMER000000025008,갖ㅡㄱㅇㅣ행,4,2024-03-09 11:57:18.933
CUSTOMER000000025009,,1,2024-03-09 12:55:49.462
CUSTOMER000000025010,아이,2,2024-03-09 14:52:45.251
CUSTOMER000000025011,아이와 둘이 ,4,2024-03-09 16:11:14.702
CUSTOMER000000025002,필리핀에서 바다해변가여향,2,2024-03-09 17:10:27.477
CUSTOMER000000025012,,3,2024-03-09 22:42:27.656
CUSTOMER000000025012,뚜벅이,3,2024-03-09 22:43:38.718
CUSTOMER000000025013,가족여행,4,2024-03-09 23:34:35.298
CUSTOMER000000025013, 권역별 가족여행 코스,4,2024-03-09 23:44:49.365
CUSTOMER000000025013, 권역별 숨겨진 가족여행 코스,4,2024-03-09 23:45:49.795
CUSTOMER000000025014,아이랑,5,2024-03-09 23:51:56.693
CUSTOMER000000025015,,3,2024-03-09 23:53:43.402
CUSTOMER000000025015,,3,2024-03-09 23:55:40.886
CUSTOMER000000025015,,3,2024-03-09 23:56:16.83
CUSTOMER000000025018,부모님과,3,2024-03-10 08:29:07.15
CUSTOMER000000025018,부모님과동쪽,3,2024-03-10 08:30:36.912
CUSTOMER000000025018,부모님과 아이들,3,2024-03-10 08:31:47.716
CUSTOMER000000017768,60대의 친구,2,2024-03-10 09:34:17.949
CUSTOMER000000017768,친궁ㅢ할수있는 안ㄷㅣㅁㄴ,1,2024-03-10 09:38:36.591
CUSTOMER000000017768,산방산,3,2024-03-10 09:40:20.628
CUSTOMER000000025023,ㅎ,3,2024-03-10 19:25:14.607
CUSTOMER000000025023,뚜,3,2024-03-10 19:26:03.708
CUSTOMER000000025028,,5,2024-03-11 00:15:44.288
CUSTOMER000000018201,부부,3,2024-03-11 07:53:15.09
CUSTOMER000000025030,,7,2024-03-11 11:51:49.893
CUSTOMER000000025030,아이랑 함ㄲ니ㅣ,7,2024-03-11 11:53:16.464
CUSTOMER000000025033,부부,2,2024-03-11 16:47:18.403
CUSTOMER000000025033,롯데호텔,2,2024-03-11 16:48:32.621
CUSTOMER000000025034,,4,2024-03-11 18:11:21.682
CUSTOMER000000024524,,1,2024-03-11 20:29:36.735
CUSTOMER000000024524,,5,2024-03-11 20:29:50.405
CUSTOMER000000024524,힐링,5,2024-03-11 20:33:04.574
CUSTOMER000000025038,부모님과 함께 할 일정,3,2024-03-11 22:01:18.504
CUSTOMER000000025042,,4,2024-03-11 23:22:02.776
CUSTOMER000000025045,여자 혼자 여행하는,3,2024-03-12 02:02:51.203
CUSTOMER000000025046,,9,2024-03-12 02:11:58.849
CUSTOMER000000025047,아이와 함께 서쪽,4,2024-03-12 08:56:14.065
CUSTOMER000000025048,,3,2024-03-12 09:12:53.695
CUSTOMER000000025047,아이와 함께 동쪽,4,2024-03-12 09:15:37.623
CUSTOMER000000025047,아이와 함께 동쪽,4,2024-03-12 09:16:23.433
CUSTOMER000000025049,등산,2,2024-03-12 10:42:06.8
CUSTOMER000000025050,,1,2024-03-12 11:05:04.964
CUSTOMER000000025051,외국인과 함께 하는,3,2024-03-12 11:36:17.139
CUSTOMER000000025053,가족과함께,3,2024-03-12 13:33:02.667
CUSTOMER000000025056,2,7,2024-03-12 16:06:21.438
CUSTOMER000000022117,수영많이 할 수 있는,4,2024-03-12 16:33:23.288
CUSTOMER000000025062,한달,9,2024-03-12 17:12:55.881
CUSTOMER000000025063,친구와함께,3,2024-03-12 17:50:11.269
CUSTOMER000000025063,애월지역,3,2024-03-12 17:50:47.241
CUSTOMER000000025065,연인과 함께하는,3,2024-03-12 20:19:12.851
CUSTOMER000000025065,연인과 함께하는 애월여행,3,2024-03-12 20:20:03.645
CUSTOMER000000025065,애월 커플여행,3,2024-03-12 20:21:51.424
CUSTOMER000000025066,혼자 힐링,3,2024-03-12 20:37:19.556
CUSTOMER000000025066,혼자 사람없는,3,2024-03-12 20:38:03.071
CUSTOMER000000025067,,2,2024-03-12 21:57:03.132
CUSTOMER000000025067,,2,2024-03-12 21:57:03.725
CUSTOMER000000025067,,2,2024-03-12 21:57:09.977
CUSTOMER000000025069,아이와 함께할수 있는,4,2024-03-13 06:37:07.959
CUSTOMER000000025069,아이랑 서쪽여행,4,2024-03-13 06:37:52.708
CUSTOMER000000022654,,3,2024-03-13 06:59:47.665
CUSTOMER000000025071,12살아이,3,2024-03-13 12:04:35.198
CUSTOMER000000025072,,5,2024-03-13 12:46:24.227
CUSTOMER000000025073,커플끼리 데이트,4,2024-03-13 14:21:10.942
CUSTOMER000000025013,숨은 명소 가족여행,4,2024-03-13 14:24:02.628
CUSTOMER000000025075,친구와 함께하는,3,2024-03-13 15:20:40.83
CUSTOMER000000025075,친구와 함께하는 동쪽일정,3,2024-03-13 15:23:13.609
CUSTOMER000000025076,친구와,1,2024-03-13 15:45:37.806
CUSTOMER000000014512,여유로운 휴식,1,2024-03-13 22:20:03.902
CUSTOMER000000014512,휴식,1,2024-03-13 22:21:19.857
CUSTOMER000000025084,아이와 함께 하는,4,2024-03-14 00:12:48.364
CUSTOMER000000025084,돌아기와 함께 하는 여름,4,2024-03-14 00:13:34.543
CUSTOMER000000025085,,3,2024-03-14 00:51:29.117
CUSTOMER000000025087,혼자,5,2024-03-14 10:01:47.181
CUSTOMER000000025087,혼자,5,2024-03-14 10:09:06.852
CUSTOMER000000025087,혼자,5,2024-03-14 10:09:54.445
CUSTOMER000000025088,새로운 여행지,3,2024-03-14 12:02:31.982
CUSTOMER000000025089,연인과 함께하는,4,2024-03-14 12:16:36.92
CUSTOMER000000025090,혼자 여행 ,3,2024-03-14 13:25:16.632
CUSTOMER000000025091,남자친구랑 할 수 있는,2,2024-03-14 13:36:24.677
CUSTOMER000000025092,,4,2024-03-14 13:41:48.16
CUSTOMER000000025092,brotherhood,4,2024-03-14 13:42:35.43
CUSTOMER000000025091,사계해변과 안덕면 인근,2,2024-03-14 13:43:24.138
CUSTOMER000000025092,형제끼리 제주여행,4,2024-03-14 13:43:33.592
CUSTOMER000000025094,공항근처로,3,2024-03-14 19:26:54.304
CUSTOMER000000025095,아이와 함께하는,3,2024-03-14 21:37:59.494
CUSTOMER000000025100,부모님과 함께 하는,4,2024-03-15 07:36:37.778
CUSTOMER000000025100,한라산 등반이 포함된,4,2024-03-15 07:55:47.671
CUSTOMER000000025100,한라산을 가볍게 탐방할 수 있는,4,2024-03-15 07:59:34.796
CUSTOMER000000025103,남자친구,4,2024-03-15 10:48:09.701
CUSTOMER000000025103,남자친구,4,2024-03-15 10:54:46.822
CUSTOMER000000025105,아이와 함께,2,2024-03-15 12:34:16.434
CUSTOMER000000025107,,5,2024-03-15 15:16:36.504
CUSTOMER000000025108,엄마랑 함께하는 여행,1,2024-03-15 15:16:43.894
CUSTOMER000000025107,연인이랑,4,2024-03-15 15:18:00.783
CUSTOMER000000017815,친구듥ㅡㅏ,3,2024-03-15 17:19:08.792
CUSTOMER000000025111,,4,2024-03-15 23:00:47.825
CUSTOMER000000025113,1인,2,2024-03-16 01:05:47.094
CUSTOMER000000025114,동쪽,3,2024-03-16 01:36:43.399
CUSTOMER000000025115,,3,2024-03-16 01:38:06.775
CUSTOMER000000025115,갖ㅡㄱㅡㅏ,3,2024-03-16 01:39:31.44
CUSTOMER000000025115,,3,2024-03-16 01:52:31.615
CUSTOMER000000025116,가족,3,2024-03-16 08:46:54.183
CUSTOMER000000025116,가족,3,2024-03-16 08:48:56.691
CUSTOMER000000025118,,3,2024-03-16 10:21:08.89
CUSTOMER000000025119,아이와함께,5,2024-03-16 11:35:43.611
CUSTOMER000000025123,아이와함께할수있는,3,2024-03-16 13:31:11.654
CUSTOMER000000016193,사진찍는,5,2024-03-16 16:55:58.546
CUSTOMER000000025125,아이,2,2024-03-16 21:29:44.692
CUSTOMER000000025126,부모님과,8,2024-03-16 22:09:55.685
CUSTOMER000000025126,부모님,8,2024-03-16 22:14:02.48
CUSTOMER000000025126,,8,2024-03-16 22:16:00.386
CUSTOMER000000025128,자전거,3,2024-03-16 23:54:50.487
CUSTOMER000000025128,,3,2024-03-16 23:57:44.359
CUSTOMER000000025128,,3,2024-03-16 23:57:44.386
CUSTOMER000000025129,,4,2024-03-17 02:06:50.056
CUSTOMER000000025115,ㄷㅉ,3,2024-03-17 05:23:27.737
CUSTOMER000000025131,,4,2024-03-17 08:54:32.253
CUSTOMER000000025135,아이랑,6,2024-03-17 16:10:24.179
CUSTOMER000000025137,,4,2024-03-17 16:44:57.672
CUSTOMER000000025138,친구와 함께,4,2024-03-17 17:34:13.051
CUSTOMER000000025138,친구와 함께,4,2024-03-17 17:35:21.678
CUSTOMER000000025138,봄여행,4,2024-03-17 17:40:57.88
CUSTOMER000000025087,혼자,4,2024-03-17 18:36:27.588
CUSTOMER000000025140,연인과,3,2024-03-17 19:04:52.02
CUSTOMER000000025087,혼밥,2,2024-03-17 22:39:14.617
CUSTOMER000000025141,아이와 함께할 수 있는,3,2024-03-17 22:51:38.22
CUSTOMER000000025142,애월에서 여향 하고 맛있는 은싣,3,2024-03-17 22:59:19.056
CUSTOMER000000025142,제주시 실내관광,1,2024-03-17 23:23:30.841
CUSTOMER000000025142,제주시 실내관광,1,2024-03-17 23:24:30.152
CUSTOMER000000025146,8세 아이와 함계,1,2024-03-18 06:44:05.429
CUSTOMER000000025146,8세 아이와 함계,1,2024-03-18 06:48:40.687
CUSTOMER000000025146,8세 아이와 함계,3,2024-03-18 06:49:05.057
CUSTOMER000000025106,와이프와 함께 여행,4,2024-03-18 15:15:44.158
CUSTOMER000000025152,,3,2024-03-18 16:48:07.783
CUSTOMER000000025153,,4,2024-03-18 17:01:28.272
CUSTOMER000000025152,가족과 함께,3,2024-03-18 17:12:45.325
CUSTOMER000000025126,,8,2024-03-18 22:09:40.5
CUSTOMER000000025087,3월 혼자 맛집,4,2024-03-19 06:28:06.109
CUSTOMER000000025087,3월 혼자 맛집 녹산로 포함,4,2024-03-19 06:31:10.201
CUSTOMER000000025157,여자 혼자,4,2024-03-19 09:58:25.46
CUSTOMER000000025159,,3,2024-03-19 12:40:16.13
CUSTOMER000000024991,친구와함께,2,2024-03-19 14:13:59.394
CUSTOMER000000025074,4월 70대 엄마가 함께하는,4,2024-03-19 16:28:19.837
CUSTOMER000000025160,4박5일,5,2024-03-19 18:32:12.81
CUSTOMER000000025161,소품샵,2,2024-03-19 18:34:38.456
CUSTOMER000000025161,4월초, 서귀포 정동 근처 친구랑 여행,2,2024-03-19 18:38:37.465
CUSTOMER000000025162,2명의 아이와 즐길수있는,7,2024-03-19 20:39:46.027
CUSTOMER000000025162,2명의 아이 관광하기좋은,7,2024-03-19 20:41:06.522
CUSTOMER000000025162,제주스위츠펜션에서 2명의 아이 관광하기좋은,7,2024-03-19 20:41:34.143
CUSTOMER000000025142,제주시 애월에서 여행,3,2024-03-19 20:50:31.854
CUSTOMER000000025163,,6,2024-03-19 21:35:02.024
CUSTOMER000000025164,,3,2024-03-19 22:05:08.405
CUSTOMER000000025165,친구랑,3,2024-03-19 23:01:37.142
CUSTOMER000000025166,아이와 함께할수있눈,3,2024-03-20 02:56:51.487
CUSTOMER000000025166,아이와 함께할수있는,3,2024-03-20 03:08:02.149
CUSTOMER000000025167,아이,4,2024-03-20 03:51:48.112
CUSTOMER000000025074,엄마와 함께하는,3,2024-03-20 10:04:33.476
CUSTOMER000000025074,엄마와 함께하는,3,2024-03-20 10:11:09.392
CUSTOMER000000025174,할머니 할아버지,1,2024-03-20 12:51:04.137
CUSTOMER000000025178,,5,2024-03-20 14:19:04.222
CUSTOMER000000025178,,5,2024-03-20 14:23:25.5
CUSTOMER000000025179,,4,2024-03-20 15:17:58.091
CUSTOMER000000025180,아이와 함께,4,2024-03-20 16:04:32.193
CUSTOMER000000025180,3살 아이와 함께,4,2024-03-20 16:06:15.507
CUSTOMER000000025185,10개월 아기와,4,2024-03-20 17:41:02.25
CUSTOMER000000025186,,3,2024-03-20 17:56:59.841
CUSTOMER000000025188,,3,2024-03-20 18:06:11.867
CUSTOMER000000025189,아이와 함께 할수 있는 일,6,2024-03-20 18:07:34.423
CUSTOMER000000025185,친구와,4,2024-03-20 19:58:40.45
CUSTOMER000000025185,와이프와 ,4,2024-03-20 20:00:09.054
CUSTOMER000000025194,아이랑 ,4,2024-03-20 22:06:12.66
CUSTOMER000000025194,아이랑 액티비티,4,2024-03-20 22:07:49.551
CUSTOMER000000025194,아이랑 체험할수 있는,4,2024-03-20 22:09:30.37
CUSTOMER000000025195,아이랑 엄마랑 여행,3,2024-03-20 22:34:31.023
CUSTOMER000000025200,중학생과 함께하는 여행,4,2024-03-21 07:05:27.369
CUSTOMER000000025201,15주년 여행,4,2024-03-21 08:44:56.562
CUSTOMER000000025204,10살, 5살 여자아이와 함께하는,4,2024-03-21 12:08:35.564
CUSTOMER000000025206,부모님과 함께,4,2024-03-21 17:20:03.12
CUSTOMER000000025207,,7,2024-03-21 20:39:57.625
CUSTOMER000000025208,아이,5,2024-03-21 21:00:53.147
CUSTOMER000000025166,아이와함께할수있는,3,2024-03-21 22:21:22.149
CUSTOMER000000025210,뚜히랑,3,2024-03-21 22:58:43.914
CUSTOMER000000022194,아이와함께할수있는,3,2024-03-22 00:13:57.179
CUSTOMER000000025212,60대 부부 ,5,2024-03-22 08:33:32.446
CUSTOMER000000025212,60대 유채꽃,5,2024-03-22 08:34:27.057
CUSTOMER000000025205,혼자가기 좋은,6,2024-03-22 09:27:05.361
CUSTOMER000000025205,남쪽 혼자가기 좋은,6,2024-03-22 09:27:55.099
CUSTOMER000000023196,,2,2024-03-22 10:09:27.526
CUSTOMER000000025218,커플,3,2024-03-22 18:11:20.598
CUSTOMER000000025219,커플,3,2024-03-22 20:41:08.93
CUSTOMER000000025220,아이와 함께,5,2024-03-22 21:40:11.888
CUSTOMER000000025222,유모차,3,2024-03-22 22:54:40.966
CUSTOMER000000025222,아이랑,3,2024-03-22 22:57:53.332
CUSTOMER000000025222,아이랑,3,2024-03-22 22:59:15.111
CUSTOMER000000025223,4,5,2024-03-22 23:09:21.107
CUSTOMER000000025225,,2,2024-03-23 01:33:53.456
CUSTOMER000000025226,부모님과 ,3,2024-03-23 03:45:48.837
CUSTOMER000000025226,70대 부모님과 여유있는 여행,3,2024-03-23 03:47:03.456
CUSTOMER000000025226,70대 부모님과 여유있는 ,3,2024-03-23 04:17:57.594
CUSTOMER000000017522,,2,2024-03-23 12:40:39.844
CUSTOMER000000025230,야경이 좋은,1,2024-03-23 17:01:04.426
CUSTOMER000000025230,야경이 좋은,1,2024-03-23 17:02:44.431
CUSTOMER000000025230,야경이 좋고 맛있는 음식 먹구 싶어,3,2024-03-23 17:03:40.833
CUSTOMER000000025232,힐링할수있는,3,2024-03-23 21:23:38.799
CUSTOMER000000025234,비 오는 날 부모님과 함께 가는,3,2024-03-24 00:44:57.034
CUSTOMER000000025223,아이 체험,5,2024-03-24 05:49:17.206
CUSTOMER000000025237,서연서빈 첫 제주,3,2024-03-24 12:30:08.39
CUSTOMER000000025238,부인.아이 4인 ,4,2024-03-24 12:32:18.568
CUSTOMER000000025185,아기와 함께하는,4,2024-03-24 13:59:43.004
CUSTOMER000000025243,,3,2024-03-24 15:52:23.777
CUSTOMER000000025245,,7,2024-03-24 21:07:07.928
CUSTOMER000000025246,혼자 맛집을 찾아다니는,3,2024-03-24 21:23:23.8
CUSTOMER000000025246,게스트하우스에서 자고 혼자 맛집가는,3,2024-03-24 21:26:46.768
CUSTOMER000000025246,게스트하우스에서 자고 여자 혼자 맛집가는,3,2024-03-24 21:28:08.64
CUSTOMER000000023196,,2,2024-03-25 07:26:14.998
CUSTOMER000000025249,,2,2024-03-25 10:21:34.69
CUSTOMER000000025249,,1,2024-03-25 10:21:45.02
CUSTOMER000000025249,,1,2024-03-25 10:33:57.44
CUSTOMER000000025251,혼자하는,4,2024-03-25 11:51:00.324
CUSTOMER000000025252,아이,5,2024-03-25 12:21:01.395
CUSTOMER000000025254,할머니 할아버지와 함께하는,3,2024-03-25 14:57:46.269
CUSTOMER000000025255,당일치기,1,2024-03-25 15:21:17.245
CUSTOMER000000025255,당일치기,1,2024-03-25 15:22:13.847
CUSTOMER000000025256,,4,2024-03-25 15:33:44.098
CUSTOMER000000025258,,5,2024-03-25 16:00:56.11
CUSTOMER000000025259,둘이서,4,2024-03-25 16:08:31.349
CUSTOMER000000025259,사진찍으며 힐링,4,2024-03-25 16:09:19.315
CUSTOMER000000025259,웨딩여행,4,2024-03-25 16:10:00.118
CUSTOMER000000025253,둘이서 힐링여행,3,2024-03-25 23:00:06.323
CUSTOMER000000025253,,3,2024-03-25 23:01:30.086
CUSTOMER000000025269,아이와 함께,4,2024-03-26 11:42:17.178
CUSTOMER000000025273,한라산,5,2024-03-26 13:41:06.511
CUSTOMER000000025273,한라산,5,2024-03-26 13:42:13.361
CUSTOMER000000025275,가족여행으로,3,2024-03-26 14:10:57.438
CUSTOMER000000023196,,2,2024-03-26 14:59:24.069
CUSTOMER000000024991,아이와,3,2024-03-26 16:09:34.069
CUSTOMER000000025276,가족여행,5,2024-03-26 16:22:39.349
CUSTOMER000000025277,데이트,3,2024-03-26 18:32:55.681
CUSTOMER000000025278,,5,2024-03-26 19:10:39.168
CUSTOMER000000025279,여자친구와,4,2024-03-26 20:46:56.746
CUSTOMER000000025279,여자친구와 동쪽,4,2024-03-26 20:48:30.303
CUSTOMER000000025279,여자친구와 우도 포함된 동쪽,4,2024-03-26 20:51:15.097
CUSTOMER000000025280,,5,2024-03-26 21:54:31.593
CUSTOMER000000025283,아이와 함께,4,2024-03-26 22:37:02.932
CUSTOMER000000025279,여자친구와 힐링 느낌이면서 사진찍기 좋으면서 풍경 이쁜 동쪽 여행 우도 포함,4,2024-03-27 00:05:25.359
CUSTOMER000000025279,숙소는 해맞이 해안로 근처니깐 동쪽으로 해서 우도 포함으로 여자친구랑 같이 힐링 할 수 있고 자연 이뻐서 사진찍기 좋은 곳들로 ,4,2024-03-27 00:26:46.109
CUSTOMER000000025284,아기랑 ,3,2024-03-27 01:08:27.589
CUSTOMER000000025288,아이,4,2024-03-27 06:28:50.597
CUSTOMER000000025288,아이들과 함께 ,4,2024-03-27 06:29:59.603
CUSTOMER000000025289,3대가함께가족여행,3,2024-03-27 07:49:30.971
CUSTOMER000000025290,,3,2024-03-27 08:00:58.439
CUSTOMER000000024920,성산일출봉에서 아르떼뮤지엄 마지막 용두암,1,2024-03-27 08:24:18.901
CUSTOMER000000024920,송악산에서 아르떼뮤지엄 마지막 용두암,1,2024-03-27 08:26:37.602
CUSTOMER000000024920,성산일출봉에서 중간에 카페 마지막 용두암,1,2024-03-27 08:32:42.429
CUSTOMER000000025292,아이랑,4,2024-03-27 08:59:02.628
CUSTOMER000000025294,,3,2024-03-27 11:08:41.599
CUSTOMER000000025294,사람 8명, 반려견 1마리 같이 다닐 수 있는곳. 자연 볼더링 가능한 암장도 있으면 좋고,3,2024-03-27 11:11:00.695
CUSTOMER000000025294,사람 8명, 반려견 1마리 같이 다닐 수 있는곳,3,2024-03-27 11:13:49.795
CUSTOMER000000025295,4살 남자아이 함께 ,4,2024-03-27 14:21:56.917
CUSTOMER000000024208,혼자 뚜벅이로,6,2024-03-27 16:32:41.967
CUSTOMER000000024208,혼자 뚜벅이로 서쪽을,6,2024-03-27 16:34:15.057
CUSTOMER000000025297,여자친구와,4,2024-03-27 16:35:27.783
CUSTOMER000000025154,혼자 걷는,4,2024-03-27 17:05:25.489
CUSTOMER000000025301,,1,2024-03-27 20:03:20.337
CUSTOMER000000023029,스포츠결기를 보는,4,2024-03-27 20:18:59.5
CUSTOMER000000025302,,4,2024-03-27 22:09:57.189
CUSTOMER000000025303,,3,2024-03-27 22:27:24.254
CUSTOMER000000025304,바이크 ,3,2024-03-28 05:11:44.959
CUSTOMER000000025304,혼자 오토바이 여행,3,2024-03-28 05:13:46.882
CUSTOMER000000025294,비오는날 강아지와,2,2024-03-28 07:32:50.67
CUSTOMER000000025294,애견동반 실내,2,2024-03-28 07:33:44.163
CUSTOMER000000025294,애견동반 관광지,2,2024-03-28 07:34:27.74
CUSTOMER000000025305,,4,2024-03-28 09:12:31.87
CUSTOMER000000025305,혼자 여행하기 좋은,4,2024-03-28 09:14:53.295
CUSTOMER000000025305,혼자 힐링할 수 있는,4,2024-03-28 09:17:12.721
CUSTOMER000000025308,,1,2024-03-28 09:37:31.452
CUSTOMER000000025308,뚜벅이,1,2024-03-28 09:37:55.24
CUSTOMER000000025310,,8,2024-03-28 14:10:13.526
CUSTOMER000000025273,한라산,6,2024-03-28 15:29:24.871
CUSTOMER000000025273,한라산,6,2024-03-28 15:30:09.609
CUSTOMER000000025253,,3,2024-03-28 15:46:20.597
CUSTOMER000000023196,,2,2024-03-28 17:54:00.889
CUSTOMER000000025312,부부,4,2024-03-28 20:42:25.535
CUSTOMER000000025315,혼자 느긋하게 보낼 수 있는 제주서쪽,1,2024-03-29 01:04:54.791
CUSTOMER000000025318,애인,3,2024-03-29 12:27:07.475
CUSTOMER000000025319,부모님과 함께가는,4,2024-03-29 13:36:38.299
CUSTOMER000000025321,,2,2024-03-29 15:14:13.016
CUSTOMER000000025322,친구,4,2024-03-29 15:59:23.933
CUSTOMER000000025322,렌트 없이 친구와,4,2024-03-29 16:00:39.107
CUSTOMER000000022117,한방여행 일정을 만들어줘,2,2024-03-29 16:39:24.208
CUSTOMER000000025324,바이크,2,2024-03-29 19:17:18.622
CUSTOMER000000025328,만1세 아이와 함께 할 수 있는,5,2024-03-29 22:00:10.64
CUSTOMER000000025328,만1세 아이와 함께 할 수 있는,5,2024-03-29 22:07:59.025
CUSTOMER000000025328,성산일정,5,2024-03-29 22:08:22.942
CUSTOMER000000025329,,5,2024-03-29 22:31:42.178
CUSTOMER000000025329,여자친구와 함께할수있는 일정을 알려줘 첫날는 애월과 한림쪽에서 놀꺼야,5,2024-03-29 22:32:36.491
CUSTOMER000000025330,아이,4,2024-03-29 22:50:55.915
CUSTOMER000000024646,배우자,3,2024-03-30 06:57:42.431
CUSTOMER000000025333,아이와 가족세명,3,2024-03-30 15:25:19.273
CUSTOMER000000025333,첫날 자유여행, 둘째날 아침 아난티 골프, 오후 스누피, 셋째날 아침 골프, 22시 비행기로 복귀,3,2024-03-30 15:27:54.674
CUSTOMER000000025333,10시 공항도착,1,2024-03-30 15:29:47.995
CUSTOMER000000025334,친구와 함께하는,4,2024-03-30 15:30:29.708
CUSTOMER000000025334,친구와 함께하는데 차가 없는,4,2024-03-30 15:30:58.38
CUSTOMER000000025334,차 없이 대중교통으로 친구와 함께하는,4,2024-03-30 15:33:45.443
CUSTOMER000000025342,여친과 함께하는,4,2024-03-31 05:44:04.395
CUSTOMER000000025342,여친과 함께하는 서귀포,4,2024-03-31 05:46:41.985
CUSTOMER000000025342,여친과 함께하는,4,2024-03-31 05:48:45.801
CUSTOMER000000025343,커플,4,2024-03-31 06:29:26.563
CUSTOMER000000025344,,4,2024-03-31 09:22:08.05
CUSTOMER000000025328,아기와 여유로운,5,2024-03-31 12:52:29.78
CUSTOMER000000025328,아기의자가 있는 맛집,5,2024-03-31 12:54:26.409
CUSTOMER000000025346,,5,2024-03-31 14:27:54.231
CUSTOMER000000025348,,4,2024-03-31 16:44:34.337
CUSTOMER000000025348,뽀로로파크,4,2024-03-31 16:46:21.606
CUSTOMER000000025351,,3,2024-03-31 18:57:17.963
CUSTOMER000000025353,,2,2024-03-31 20:23:47.854
CUSTOMER000000025354,남자친구와 함께하는,4,2024-03-31 20:42:14.021
CUSTOMER000000025358,,3,2024-03-31 23:37:12.992
CUSTOMER000000025360,,4,2024-04-01 02:45:47.805
CUSTOMER000000025361,친구와 놀러가는,3,2024-04-01 05:27:29.585
CUSTOMER000000023196,,2,2024-04-01 08:09:01.046
CUSTOMER000000025361,친구랑 가는여행,3,2024-04-01 08:51:36.193
CUSTOMER000000025364,아기와 함께,4,2024-04-01 11:12:27.916
CUSTOMER000000025364,아기와 함께,4,2024-04-01 11:16:15.911
CUSTOMER000000025365,힐링,4,2024-04-01 13:19:15.452
CUSTOMER000000025366,,3,2024-04-01 13:31:26.339
CUSTOMER000000019093,시누이랑,3,2024-04-01 14:33:01.61
CUSTOMER000000025367,,3,2024-04-01 15:10:20.733
CUSTOMER000000025368,남편과,3,2024-04-01 15:56:49.279
CUSTOMER000000024380,수학여행,3,2024-04-06 21:26:01.14
CUSTOMER000000024380,수학여행,3,2024-04-06 21:28:22.047
CUSTOMER000000025368,뚜벅이,3,2024-04-01 15:57:28.57
CUSTOMER000000007107,,5,2024-04-01 16:11:55.224
CUSTOMER000000025369,직장ㄷㅡㅇㄹㅡ,4,2024-04-01 17:33:13.767
CUSTOMER000000025371,,3,2024-04-01 17:50:36.206
CUSTOMER000000025371,,3,2024-04-01 17:51:49.342
CUSTOMER000000025374,아이,5,2024-04-01 21:10:23.367
CUSTOMER000000025374,아이와 할머니,5,2024-04-01 21:20:17.77
CUSTOMER000000025376,아기,4,2024-04-01 21:38:46.309
CUSTOMER000000025376,아기랑 같이 ,4,2024-04-01 21:40:25.812
CUSTOMER000000025377,,4,2024-04-01 21:45:56.485
CUSTOMER000000025378,친구,3,2024-04-01 22:44:16.664
CUSTOMER000000025381,부부,6,2024-04-01 23:53:18.63
CUSTOMER000000025383,,4,2024-04-02 03:18:05.504
CUSTOMER000000025383,,4,2024-04-02 03:19:38.435
CUSTOMER000000025257,친구,2,2024-04-02 08:05:41.667
CUSTOMER000000025257,친구,2,2024-04-02 08:07:23.012
CUSTOMER000000025257,친구,2,2024-04-02 08:07:57.252
CUSTOMER000000025364,아기와,4,2024-04-02 10:13:41.771
CUSTOMER000000025333,비올때,1,2024-04-02 10:25:46.765
CUSTOMER000000025387,,1,2024-04-02 12:01:16.613
CUSTOMER000000025387,신혼여행,1,2024-04-02 12:03:42.526
CUSTOMER000000025364,아기와 오름,4,2024-04-02 14:32:48.989
CUSTOMER000000025364,아기와 서쪽,4,2024-04-02 14:34:38.387
CUSTOMER000000025389,가족과 함께 할 수 있는,3,2024-04-02 14:50:51.479
CUSTOMER000000024208,비오는 날 걸어서 여행,2,2024-04-02 17:35:03.212
CUSTOMER000000024208,실내 여행지 안덕면이나 대정읍,2,2024-04-02 17:42:06.002
CUSTOMER000000024208,안덕면이나 대정읍 실내 여행지,2,2024-04-02 17:43:37.335
CUSTOMER000000025390,친구와,4,2024-04-02 19:34:21.433
CUSTOMER000000025393,,4,2024-04-02 21:06:56.93
CUSTOMER000000025395,,3,2024-04-02 23:33:58.271
CUSTOMER000000025396,짜장면,2,2024-04-03 00:31:02.704
CUSTOMER000000025396,짬뽕,2,2024-04-03 02:40:54.423
CUSTOMER000000025396,짜장면,2,2024-04-03 02:41:39.211
CUSTOMER000000008896,,3,2024-04-03 07:28:33.919
CUSTOMER000000025390,친구와 함께,4,2024-04-03 07:43:33.425
CUSTOMER000000008896,친구,3,2024-04-03 08:10:56.164
CUSTOMER000000023196,,2,2024-04-03 10:24:42.703
CUSTOMER000000025398,,5,2024-04-03 10:39:18.52
CUSTOMER000000025398,등산빼,5,2024-04-03 10:41:07.389
CUSTOMER000000025398,등산빼 바다,5,2024-04-03 10:42:46.041
CUSTOMER000000025364,아기랑 서쪽 남쪽,4,2024-04-03 10:51:46.006
CUSTOMER000000025400,아이와 함께,4,2024-04-03 11:53:16.42
CUSTOMER000000025401,아이랑,3,2024-04-03 12:42:52.389
CUSTOMER000000025257,친구,2,2024-04-03 13:12:12.556
CUSTOMER000000025257,친구,2,2024-04-03 13:15:15.295
CUSTOMER000000025257,친구,2,2024-04-03 13:15:40.871
CUSTOMER000000001011,,1,2024-04-03 13:44:40.418
CUSTOMER000000025364,두돌아기와 서쪽 남쪽,4,2024-04-03 13:52:16.805
CUSTOMER000000021041,,3,2024-04-03 14:21:07.705
CUSTOMER000000025406,아이와 함께 할 수 있는,5,2024-04-03 19:37:27.835
CUSTOMER000000025393,,4,2024-04-03 19:49:01.358
CUSTOMER000000025408,,3,2024-04-03 20:39:25.287
CUSTOMER000000025409,,4,2024-04-03 21:14:56.504
CUSTOMER000000025411,아이와 함께 ,5,2024-04-03 21:57:09.395
CUSTOMER000000025413,,9,2024-04-04 01:44:34.451
CUSTOMER000000025415,,1,2024-04-04 03:29:39.424
CUSTOMER000000025416,혼자,7,2024-04-04 09:47:01.095
CUSTOMER000000025420,친구듥ㅡㅏ,2,2024-04-04 11:29:21.376
CUSTOMER000000025420,친구듥ㄱㅡㅏ,1,2024-04-04 11:30:57.257
CUSTOMER000000025422,,4,2024-04-04 11:50:19.392
CUSTOMER000000025422,가족,4,2024-04-04 11:50:59.954
CUSTOMER000000025422,,4,2024-04-04 11:52:28.647
CUSTOMER000000025424,,4,2024-04-04 13:59:03.362
CUSTOMER000000025426,부모님과 함께하는,4,2024-04-04 15:38:02.627
CUSTOMER000000025427,아이와 함께 할수있는,5,2024-04-04 15:44:12.58
CUSTOMER000000025415,트래킹,1,2024-04-04 15:48:23.708
CUSTOMER000000025429,아이,4,2024-04-04 17:33:44.788
CUSTOMER000000025431,,5,2024-04-04 19:56:24.57
CUSTOMER000000025431,,5,2024-04-04 19:58:31.123
CUSTOMER000000025431,,3,2024-04-04 20:00:52.163
CUSTOMER000000025433,,4,2024-04-04 20:58:53.971
CUSTOMER000000025434,3대가 함깨할 수 있는,4,2024-04-04 21:16:29.814
CUSTOMER000000025434,휴식,4,2024-04-04 21:17:57.239
CUSTOMER000000025436,,3,2024-04-04 21:20:25.892
CUSTOMER000000025424,아이들,3,2024-04-04 21:38:26.545
CUSTOMER000000025438,대가족여행,4,2024-04-04 22:07:07.986
CUSTOMER000000025438,서귀포 여행,4,2024-04-04 22:08:02.222
CUSTOMER000000025438,우도,1,2024-04-04 22:09:19.654
CUSTOMER000000025364,아기와 남쪽,4,2024-04-04 22:59:34.582
CUSTOMER000000025364,아기와 남쪽,4,2024-04-04 23:06:04.75
CUSTOMER000000004578,태교 여행,8,2024-04-05 08:30:52.923
CUSTOMER000000004578,남편과 ,8,2024-04-05 08:31:49.69
CUSTOMER000000025326,형제자매와. 갈수있는곳,3,2024-04-05 08:32:59.214
CUSTOMER000000025326,형제자매와. 동쪽코스,3,2024-04-05 08:33:27.403
CUSTOMER000000025257,친구,2,2024-04-05 10:51:20.193
CUSTOMER000000025257,친구,2,2024-04-05 10:52:06.731
CUSTOMER000000025257,친구,2,2024-04-05 10:52:57.302
CUSTOMER000000025443,칠순,3,2024-04-05 14:30:44.773
CUSTOMER000000025443,아이,3,2024-04-05 14:31:51.908
CUSTOMER000000025432,부부끼리,3,2024-04-05 14:49:43.833
CUSTOMER000000024646,배우자,3,2024-04-05 15:03:09.117
CUSTOMER000000025423,,2,2024-04-05 15:56:56.626
CUSTOMER000000025423,아빠랑 같이 여행,2,2024-04-05 15:57:37.014
CUSTOMER000000025423,아빠랑 같이 갈수 있는,2,2024-04-05 15:57:50.283
CUSTOMER000000025444,아이와 함께,5,2024-04-05 17:11:40.03
CUSTOMER000000025446,,4,2024-04-05 20:15:41.396
CUSTOMER000000025447,여자친구와 함께하는,5,2024-04-05 20:42:22.27
CUSTOMER000000025448,남남커플,3,2024-04-05 20:47:24.149
CUSTOMER000000025450,부부가 함ㄲㅣㅣ하는,4,2024-04-05 21:32:10.905
CUSTOMER000000025450,부부가함께하는 ,4,2024-04-05 21:33:19.105
CUSTOMER000000025446,,4,2024-04-05 21:54:46.711
CUSTOMER000000025446,,4,2024-04-05 21:56:19.078
CUSTOMER000000025438,제주시 서귀포 우도,3,2024-04-05 22:12:51.883
CUSTOMER000000025438,제주시 서귀포 우도,3,2024-04-05 22:31:21.652
CUSTOMER000000025438,제주시 서귀포,3,2024-04-05 22:34:17.664
CUSTOMER000000025453,할머니와 함께,5,2024-04-06 02:31:20.778
CUSTOMER000000025453,할머니와 함께,4,2024-04-06 02:31:28.6
CUSTOMER000000025453,할머니랑 제주서쪽,4,2024-04-06 02:37:45.103
CUSTOMER000000025455,,5,2024-04-06 07:37:12.009
CUSTOMER000000025457,,5,2024-04-06 12:49:32.81
CUSTOMER000000025458,,9,2024-04-06 13:44:31.685
CUSTOMER000000025460,아내와의 추억,3,2024-04-06 20:18:17.866
CUSTOMER000000024380,수학여행,3,2024-04-06 21:26:00.771
CUSTOMER000000025461,6,6,2024-04-06 21:51:24.128
CUSTOMER000000025463,아이와 함께,4,2024-04-06 22:38:16.093
CUSTOMER000000025464,남매와 함께하는,5,2024-04-06 22:39:13.524
CUSTOMER000000025423,아빠와 함께 갈 수 있는,2,2024-04-06 22:46:55.373
CUSTOMER000000025465,,4,2024-04-06 22:50:28.242
CUSTOMER000000025465,,4,2024-04-06 22:53:14.984
CUSTOMER000000025468,,4,2024-04-07 00:00:48.633
CUSTOMER000000024697,남친이랑 힐링맛집,4,2024-04-07 03:32:13.318
CUSTOMER000000025471,혼자 여행할 수 있는,3,2024-04-07 13:17:00.759
CUSTOMER000000025472,,3,2024-04-07 14:45:23.061
CUSTOMER000000025473,가족여행,3,2024-04-07 14:46:09.904
CUSTOMER000000025475,아이,5,2024-04-07 20:13:17.302
CUSTOMER000000025476,아이와,4,2024-04-07 20:14:28.446
CUSTOMER000000025475,아이 같이,4,2024-04-07 20:14:45.441
CUSTOMER000000025480,할머니랑 ,4,2024-04-07 23:28:24.3
CUSTOMER000000025480,할머니랑 ,4,2024-04-07 23:28:55.356
CUSTOMER000000025485,solo,5,2024-04-08 14:08:20.751
CUSTOMER000000025485,solo,4,2024-04-08 14:09:43.512
CUSTOMER000000025486,,5,2024-04-08 21:25:02.554
CUSTOMER000000025487,,3,2024-04-08 22:03:25.193
CUSTOMER000000025490,혼자 힐링하고 걷기 좋은 곳,1,2024-04-08 23:04:40.682
CUSTOMER000000025491,아이,4,2024-04-08 23:16:16.992
CUSTOMER000000025492,제주시 여행,3,2024-04-09 00:25:18.284
CUSTOMER000000025492,협제에서 숙박 바이크 해변 동문시장,3,2024-04-09 00:26:46.283
CUSTOMER000000025492,협제해수욕장 에서 숙박 전기 바이크 해변관광  동문시장,3,2024-04-09 00:27:38.947
CUSTOMER000000025493,,3,2024-04-09 04:13:50.373
CUSTOMER000000025494,4박5일,5,2024-04-09 06:54:50.387
CUSTOMER000000025494,4박5일,5,2024-04-09 07:05:23.172
CUSTOMER000000025494,4박5일,5,2024-04-09 07:06:08.614
CUSTOMER000000025496,6개월아기와 남편과 한달살이,9,2024-04-09 08:51:32.217
CUSTOMER000000025497,삼대,4,2024-04-09 09:02:13.511
CUSTOMER000000025498,아이와 함께,4,2024-04-09 12:59:37.486
CUSTOMER000000025501,,3,2024-04-09 14:08:54.845
CUSTOMER000000025502,중학생과 자연보기,3,2024-04-09 15:28:50.135
CUSTOMER000000025502,중학생과 자연 관광,3,2024-04-09 15:29:19.773
CUSTOMER000000025504,친구들,4,2024-04-09 17:30:34.249
CUSTOMER000000025506,부모님,2,2024-04-09 18:17:14.184
CUSTOMER000000025507,남친이랑,3,2024-04-09 18:39:56.448
CUSTOMER000000025507,남친이랑,3,2024-04-09 18:40:27.845
CUSTOMER000000025508,9살 남자아이와 할수있는,4,2024-04-09 20:15:20.548
CUSTOMER000000025508,9살 남자아이와 할수있는 우도를 포함한,4,2024-04-09 20:20:36.286
CUSTOMER000000025508,9살 남자아이와 할수있는 ,4,2024-04-09 20:27:34.372
CUSTOMER000000025509,,3,2024-04-09 21:50:32.295
CUSTOMER000000025509,가ㅈㅡㄱㅇㅣ행,3,2024-04-09 21:51:47.023
CUSTOMER000000025509,,3,2024-04-09 21:52:19.073
CUSTOMER000000025511,자매가 하는,4,2024-04-09 23:59:44.428
CUSTOMER000000025512,부모님과함께,2,2024-04-10 00:10:42.288
CUSTOMER000000025513,나 혼자 힐링여행,4,2024-04-10 00:14:18.885
CUSTOMER000000001871,3박4일,5,2024-04-10 08:26:46.554
CUSTOMER000000025490,부모님,2,2024-04-10 09:42:56.542
CUSTOMER000000025494,4박5일,5,2024-04-10 10:30:44.531
CUSTOMER000000025494,4박5일,5,2024-04-10 10:30:53.729
CUSTOMER000000025516,아이랑,3,2024-04-10 10:52:48.547
CUSTOMER000000025516,아이랑 바다,3,2024-04-10 10:53:36.405
CUSTOMER000000025516,아이랑 4월,3,2024-04-10 11:18:35.071
CUSTOMER000000025494,4박5일,5,2024-04-10 12:36:29.837
CUSTOMER000000025509,,3,2024-04-10 13:07:10.203
CUSTOMER000000025509,ㅇㅣ행,3,2024-04-10 13:08:49.594
CUSTOMER000000025520,,4,2024-04-10 14:50:50.647
CUSTOMER000000025520,,4,2024-04-10 14:51:50.156
CUSTOMER000000025520,야간,4,2024-04-10 14:52:30.389
CUSTOMER000000025521,연인과,3,2024-04-10 15:41:48.442
CUSTOMER000000025533,포토존이 많은,1,2024-04-10 23:18:31.408
CUSTOMER000000025533,아이외 함께할 수 있는,1,2024-04-10 23:21:37.599
CUSTOMER000000025533,아이외 함께할 수 있는,8,2024-04-10 23:23:52.283
CUSTOMER000000025535,,4,2024-04-11 07:47:35.63
CUSTOMER000000025494,4박5일,4,2024-04-11 08:49:53.35
CUSTOMER000000025536,친구들과,3,2024-04-11 09:13:35.264
CUSTOMER000000025536,친구들과 서쪽,3,2024-04-11 09:13:48.54
CUSTOMER000000025541,아이와 함께할 수 있는,4,2024-04-11 13:43:51.376
CUSTOMER000000025541,아이와 함께할수 있는,4,2024-04-11 13:45:48.298
CUSTOMER000000025542,,3,2024-04-11 14:13:07.821
CUSTOMER000000025543,,4,2024-04-11 15:36:16.41
CUSTOMER000000025543,,4,2024-04-11 15:41:03.823
CUSTOMER000000025543,,4,2024-04-11 15:41:58.907
CUSTOMER000000025544,목발,4,2024-04-11 15:58:37.652
CUSTOMER000000025545,아기와 함께,5,2024-04-11 16:23:04.404
CUSTOMER000000025546,부모님과 아이와 함께하는여행,4,2024-04-11 16:38:16.21
CUSTOMER000000025547,혼자 남쪽 뚜벅이,3,2024-04-11 19:37:01.001
CUSTOMER000000025549,유치원생과 함께 가족여행,5,2024-04-11 20:58:15.041
CUSTOMER000000025552,엄마와 함께,5,2024-04-11 21:44:39.713
CUSTOMER000000025520,오설록,4,2024-04-11 22:02:25.655
CUSTOMER000000025520,오설록,3,2024-04-11 22:03:21.904
CUSTOMER000000025555,아이,3,2024-04-11 23:20:37.489
CUSTOMER000000025556,신혼여행,4,2024-04-11 23:31:45.43
CUSTOMER000000025556,신혼여행,4,2024-04-11 23:42:57.164
CUSTOMER000000025494,4박5일,3,2024-04-12 00:51:08.052
CUSTOMER000000025559,,4,2024-04-12 01:15:59.797
CUSTOMER000000025559,,4,2024-04-12 01:16:44.809
CUSTOMER000000025543,,7,2024-04-12 02:42:02.191
CUSTOMER000000025562,대가족여행,5,2024-04-12 10:18:45.401
CUSTOMER000000001019,교래리,1,2024-04-12 10:27:05.443
CUSTOMER000000025564,아이,8,2024-04-12 10:35:45.271
CUSTOMER000000025565,,4,2024-04-12 10:54:10.23
CUSTOMER000000025567,부모님과 함께하는,3,2024-04-12 11:16:39.574
CUSTOMER000000025570,아이와함께,3,2024-04-12 15:27:42.59
CUSTOMER000000025574,친구와의 동쪽여행,4,2024-04-12 19:19:09.236
CUSTOMER000000025574,친구들과 함께하는 제주동쪽,4,2024-04-12 19:22:07.74
CUSTOMER000000025575,,3,2024-04-12 19:22:34.799
CUSTOMER000000025575,,3,2024-04-12 19:30:10.785
CUSTOMER000000025575,ㅇㅣ른3ㅁㅣㅇ잇ㅣ,3,2024-04-12 19:30:51.215
CUSTOMER000000025570,아이와함께 재미있는,3,2024-04-12 19:47:28.149
CUSTOMER000000025570,아이와함께 ,3,2024-04-12 19:48:18.6
CUSTOMER000000025580,아이와,5,2024-04-12 23:17:45.48
CUSTOMER000000025570,아이와 함께,3,2024-04-13 09:01:07.748
CUSTOMER000000025543,,3,2024-04-13 13:23:05.671
CUSTOMER000000025543,,6,2024-04-13 13:24:04.621
CUSTOMER000000025556,신혼여행,4,2024-04-13 13:36:45.567
CUSTOMER000000025586,,3,2024-04-13 14:21:47.539
CUSTOMER000000025588,아이,3,2024-04-13 15:35:03.516
CUSTOMER000000025570,제주항 근처,1,2024-04-13 17:01:46.513
CUSTOMER000000025958,,3,2024-05-06 14:38:51.492
CUSTOMER000000025586,부모님 모시고,3,2024-04-13 19:32:37.894
CUSTOMER000000025594,태교,5,2024-04-14 09:37:32.261
CUSTOMER000000025594,맛집,5,2024-04-14 09:38:37.216
CUSTOMER000000025598,아이,4,2024-04-14 12:23:32.505
CUSTOMER000000025599,,4,2024-04-14 12:38:14.943
CUSTOMER000000025601,아이,4,2024-04-14 13:52:15.522
CUSTOMER000000025594,힐링,5,2024-04-14 14:49:57.105
CUSTOMER000000006709,부부가 ,3,2024-04-14 14:57:51.032
CUSTOMER000000025602,,1,2024-04-14 15:08:27.246
CUSTOMER000000025604,애인,4,2024-04-14 16:43:43.657
CUSTOMER000000025605,싱글,3,2024-04-14 17:56:37.109
CUSTOMER000000025606,,3,2024-04-14 17:57:54.986
CUSTOMER000000025608,,2,2024-04-14 19:11:22.336
CUSTOMER000000025600,아이와 함께 할수 있는,4,2024-04-14 21:13:50.014
CUSTOMER000000025600,2세 자녀와 함께 할수 있는,4,2024-04-14 21:14:36.846
CUSTOMER000000025543,비,5,2024-04-14 22:48:43.348
CUSTOMER000000025614,연인과 함끼,4,2024-04-15 09:24:01.828
CUSTOMER000000023196,,2,2024-04-15 10:51:09.791
CUSTOMER000000025616,남자 혼자,6,2024-04-15 11:43:50.881
CUSTOMER000000025616,우도,6,2024-04-15 11:45:22.815
CUSTOMER000000025617,엄마와 함께,4,2024-04-15 12:39:29.554
CUSTOMER000000025617,엄마와 함께 힐링여행,4,2024-04-15 15:08:12.421
CUSTOMER000000025617,힐링여행,4,2024-04-15 15:10:32.636
CUSTOMER000000025620,4족여행,3,2024-04-15 15:49:58.405
CUSTOMER000000025620,아이들 ,3,2024-04-15 15:52:21.303
CUSTOMER000000022117,아이와 함께 할,3,2024-04-15 17:11:14.861
CUSTOMER000000025482,신혼여행,4,2024-04-15 19:13:57.552
CUSTOMER000000025627,친구,3,2024-04-15 23:51:23.72
CUSTOMER000000016304,초등학교 수학여행,3,2024-04-16 01:28:09.894
CUSTOMER000000025629,부모님 가족여행,4,2024-04-16 04:12:38.266
CUSTOMER000000025629,할머니할아버지와,4,2024-04-16 04:17:17.061
CUSTOMER000000025629,할머니와,4,2024-04-16 04:19:24.22
CUSTOMER000000025556,신혼여행 즐긴다,4,2024-04-16 11:06:02.282
CUSTOMER000000025632,,8,2024-04-16 14:30:23.36
CUSTOMER000000025633,,1,2024-04-16 16:41:54.508
CUSTOMER000000025636,강아지,9,2024-04-16 16:54:12.704
CUSTOMER000000025636,강아지,9,2024-04-16 16:56:58.697
CUSTOMER000000025636,아이와 함께,9,2024-04-16 16:58:06.368
CUSTOMER000000025640,신혼부부여행,3,2024-04-16 21:04:11.74
CUSTOMER000000025640,신혼부부여행,3,2024-04-16 21:06:51.359
CUSTOMER000000025641,,4,2024-04-16 21:08:58.16
CUSTOMER000000025642,친구랑 둘잇ㅣ,3,2024-04-16 21:18:04.222
CUSTOMER000000025642,친구랑 둘이,3,2024-04-16 21:18:16.875
CUSTOMER000000025643,,3,2024-04-16 22:16:22.24
CUSTOMER000000025645,,3,2024-04-16 22:41:48.283
CUSTOMER000000025646,숲 ,3,2024-04-16 23:40:59.032
CUSTOMER000000025647,,3,2024-04-16 23:43:24.678
CUSTOMER000000025648,아이,5,2024-04-17 01:54:19.182
CUSTOMER000000025648,함덕,5,2024-04-17 01:56:48.861
CUSTOMER000000025651,힐링,4,2024-04-17 12:19:48.116
CUSTOMER000000025651,,4,2024-04-17 12:22:21.322
CUSTOMER000000025651,ㄷㅡㅇㅉㅡㄱ,4,2024-04-17 12:22:45.213
CUSTOMER000000025652,부부,5,2024-04-17 12:46:56.441
CUSTOMER000000025655,아이,4,2024-04-17 14:08:49.217
CUSTOMER000000025655,아이와 ,4,2024-04-17 14:09:54.822
CUSTOMER000000025656,힐링할 수 있는,3,2024-04-17 15:08:47.113
CUSTOMER000000025657,가족이 함께,5,2024-04-17 15:37:42.882
CUSTOMER000000025658,,4,2024-04-17 19:01:12.818
CUSTOMER000000025658,아이와 함께,4,2024-04-17 19:02:14.86
CUSTOMER000000025659,,4,2024-04-17 19:18:21.814
CUSTOMER000000025663,,3,2024-04-18 02:18:56.048
CUSTOMER000000025664,혼자,1,2024-04-18 02:29:08.168
CUSTOMER000000025665,친구와 함께,4,2024-04-18 04:40:03.756
CUSTOMER000000025666,여름 동쪽 여행,4,2024-04-18 08:06:26.237
CUSTOMER000000025666,여름,4,2024-04-18 08:11:27.622
CUSTOMER000000022843,아이와,2,2024-04-18 13:23:00.849
CUSTOMER000000025671,아이와,2,2024-04-18 13:23:01.362
CUSTOMER000000022843,아이와,2,2024-04-18 13:23:29.865
CUSTOMER000000025671,아이와,2,2024-04-18 13:23:30.642
CUSTOMER000000022843,아이와,2,2024-04-18 13:23:47.364
CUSTOMER000000025671,아이와,2,2024-04-18 13:23:47.523
CUSTOMER000000025671,아이와,2,2024-04-18 13:24:02.858
CUSTOMER000000022843,아이와,2,2024-04-18 13:24:02.892
CUSTOMER000000025671,child,2,2024-04-18 13:32:38.818
CUSTOMER000000025676,아이랑,3,2024-04-18 14:21:36.494
CUSTOMER000000025678,태교,4,2024-04-18 15:21:54.363
CUSTOMER000000025677,,4,2024-04-18 15:25:14.358
CUSTOMER000000025678,임산부 ,4,2024-04-18 15:28:10.908
CUSTOMER000000025678,임산부 ,4,2024-04-18 15:28:24.162
CUSTOMER000000025682,아이,4,2024-04-18 23:21:30.773
CUSTOMER000000025689,,4,2024-04-19 07:49:14.907
CUSTOMER000000025690,아이와 함께 할수있는,2,2024-04-19 09:22:33.941
CUSTOMER000000025691,,4,2024-04-19 09:25:20.178
CUSTOMER000000025693,여자친구랑 ,3,2024-04-19 12:00:25.228
CUSTOMER000000025693,여자친구랑 이쁜풍경 위주로,3,2024-04-19 12:02:56.241
CUSTOMER000000025693,여자친구랑 너무 일정이 빡빡하지않게,3,2024-04-19 12:06:03.775
CUSTOMER000000025696,,5,2024-04-19 13:58:03.995
CUSTOMER000000025698,,1,2024-04-19 16:53:16.359
CUSTOMER000000025700,비오는 날,3,2024-04-19 20:54:47.042
CUSTOMER000000025701,,4,2024-04-19 21:18:28.515
CUSTOMER000000025626,서귀포 올레길,3,2024-04-19 21:25:35.27
CUSTOMER000000025704,우도를 가는,4,2024-04-19 22:42:49.514
CUSTOMER000000025658,바닷가앞 숙박,4,2024-04-20 00:22:49.366
CUSTOMER000000025708,,1,2024-04-20 04:03:33.753
CUSTOMER000000025708,,4,2024-04-20 04:09:42.3
CUSTOMER000000025708,아이,4,2024-04-20 04:11:01.006
CUSTOMER000000025709,아이와 함께,4,2024-04-20 06:36:35.983
CUSTOMER000000025710,,3,2024-04-20 10:27:08.59
CUSTOMER000000025711,,5,2024-04-20 11:43:54.022
CUSTOMER000000025711,,5,2024-04-20 11:45:30.771
CUSTOMER000000025711,,5,2024-04-20 11:46:11.058
CUSTOMER000000025713,아이,3,2024-04-20 14:03:29.366
CUSTOMER000000025658,아이와 함께 서귀포,3,2024-04-20 14:04:22.812
CUSTOMER000000025714,강아지랑,5,2024-04-20 17:00:12.318
CUSTOMER000000025715,부모님,3,2024-04-20 17:47:00.769
CUSTOMER000000025715,부모님,3,2024-04-20 17:53:01.297
CUSTOMER000000025715,부모님,3,2024-04-20 17:54:52.107
CUSTOMER000000025651,아이,4,2024-04-20 21:24:46.189
CUSTOMER000000025658,아이와 함께 서쪽,3,2024-04-20 23:10:29.022
CUSTOMER000000025719,반려견과 함께하는,4,2024-04-21 04:38:18.8
CUSTOMER000000025719,구체관절인형 사진찍기 좋은곳,4,2024-04-21 04:45:12.197
CUSTOMER000000025719,강아지 데리고 갈 수 있는 애월근처,4,2024-04-21 04:46:21.86
CUSTOMER000000025722,가족여행,5,2024-04-21 09:43:16.719
CUSTOMER000000025556,신혼여행 즐기기,4,2024-04-21 10:52:41.17
CUSTOMER000000025700,ㅅ2ㅣㅇ산,2,2024-04-21 12:38:38.972
CUSTOMER000000025725,,4,2024-04-21 14:56:39.265
CUSTOMER000000025726,시어머니랑 함께 여행,5,2024-04-21 16:23:02.012
CUSTOMER000000025727,엄마와,1,2024-04-21 17:19:09.693
CUSTOMER000000025728,,4,2024-04-21 17:27:32.923
CUSTOMER000000025729,가족,7,2024-04-21 19:55:13.393
CUSTOMER000000014734,부부 바다 여름여행,3,2024-04-21 21:22:20.1
CUSTOMER000000025731,,4,2024-04-21 21:56:15.064
CUSTOMER000000025732,연인과,4,2024-04-21 22:09:40.429
CUSTOMER000000015556,,3,2024-04-21 22:19:48.914
CUSTOMER000000025658,아이와 함께 조천읍 성산읍 관광지 코스,4,2024-04-21 22:23:00.796
CUSTOMER000000025734,아내와 함께하는,4,2024-04-21 23:47:40.067
CUSTOMER000000025734,아내와 함께하는 중문 여행일정,4,2024-04-21 23:49:14.427
CUSTOMER000000025735,,4,2024-04-21 23:59:27.648
CUSTOMER000000013984,,2,2024-04-22 00:10:53.471
CUSTOMER000000025736,임산부와함께,5,2024-04-22 02:50:47.864
CUSTOMER000000025736,임산부와함께하는 먹방,5,2024-04-22 02:52:23.02
CUSTOMER000000025737,엄마와 함께,4,2024-04-22 02:53:25.204
CUSTOMER000000025737,엄마와 드라이브하기좋은 매우 알찬,4,2024-04-22 03:48:46.905
CUSTOMER000000025738,,3,2024-04-22 04:10:57.605
CUSTOMER000000025740,friends,5,2024-04-22 05:38:23.059
CUSTOMER000000025740,friends,5,2024-04-22 05:38:23.455
CUSTOMER000000022843,,2,2024-04-22 08:49:31.165
CUSTOMER000000025671,,2,2024-04-22 08:49:31.934
CUSTOMER000000022843,,2,2024-04-22 08:49:46.901
CUSTOMER000000025671,,2,2024-04-22 08:49:47.279
CUSTOMER000000022843,,2,2024-04-22 08:49:58.4
CUSTOMER000000025671,,2,2024-04-22 08:49:58.634
CUSTOMER000000025711,,5,2024-04-22 09:16:22.8
CUSTOMER000000025711,아이와 같이,5,2024-04-22 09:16:35.147
CUSTOMER000000025711,아이와 같이,5,2024-04-22 09:17:53.942
CUSTOMER000000025744,,4,2024-04-22 13:05:13.446
CUSTOMER000000025746,아이,3,2024-04-22 13:23:04.752
CUSTOMER000000025748,연인과함께할수있는,4,2024-04-22 14:03:09.721
CUSTOMER000000025748,공항에서 가깝게 놀고 연인과함께,4,2024-04-22 14:04:25.001
CUSTOMER000000025749,아이와 함께하는 한달살기,7,2024-04-22 14:19:47.845
CUSTOMER000000025750,우정여행,4,2024-04-22 14:49:27.274
CUSTOMER000000025753,혼자 여행,6,2024-04-22 17:11:16.103
CUSTOMER000000025755,ㅋㅣ플,3,2024-04-22 20:44:46.475
CUSTOMER000000025755,ㅅㅣ귚ㅡ,3,2024-04-22 20:46:36.1
CUSTOMER000000025757,칠순부모님과,5,2024-04-22 22:16:48.948
CUSTOMER000000025757,칠순부모님과,5,2024-04-22 22:21:32.418
CUSTOMER000000025757,부모님과,5,2024-04-22 22:24:28.141
CUSTOMER000000025758,,4,2024-04-22 23:02:14.333
CUSTOMER000000025758,유치원생,4,2024-04-22 23:05:49.994
CUSTOMER000000025737,8월 말에 힐링할수있는,4,2024-04-22 23:24:26.556
CUSTOMER000000025759,실내 아이,5,2024-04-23 00:08:42.616
CUSTOMER000000025761,,3,2024-04-23 03:12:55.914
CUSTOMER000000025761,,3,2024-04-23 03:12:56.02
CUSTOMER000000025765,아이,3,2024-04-23 08:32:36.746
CUSTOMER000000025766,아이와 함께하는 ,3,2024-04-23 10:10:51.297
CUSTOMER000000025746,,3,2024-04-23 10:50:26.015
CUSTOMER000000025769,아이와,5,2024-04-23 13:36:28.508
CUSTOMER000000025770,가족과,2,2024-04-23 14:11:26.89
CUSTOMER000000025771,데이트,3,2024-04-23 15:43:29.075
CUSTOMER000000025778,짜장면 맛집,3,2024-04-23 19:28:38.514
CUSTOMER000000004766,,4,2024-04-24 03:38:57.298
CUSTOMER000000004766,뚜벅이,4,2024-04-24 03:39:23.962
CUSTOMER000000004766,뚜벅이 올레길,4,2024-04-24 03:40:00.197
CUSTOMER000000025784,,4,2024-04-24 16:07:41.49
CUSTOMER000000025784,아이와 함께,4,2024-04-24 16:08:46.923
CUSTOMER000000025785,,4,2024-04-24 18:35:31.135
CUSTOMER000000025787,내 생일인데 남자친구와 함께 가는 일정,3,2024-04-24 21:13:53.631
CUSTOMER000000025788,아이와 함께 할수있는,4,2024-04-24 22:24:32.568
CUSTOMER000000025790,아이가재미있ㄱㅣㅣ늘수있는,3,2024-04-25 07:08:04.211
CUSTOMER000000025793,,3,2024-04-25 14:46:50.464
CUSTOMER000000025795,엄마와,2,2024-04-25 16:07:05.098
CUSTOMER000000025715,부모님과함께,3,2024-04-25 18:41:42.129
CUSTOMER000000025715,부모님과함께동쪽으로시작하는여행,3,2024-04-25 18:45:32.545
CUSTOMER000000025797,컴퓨터 할 수 있는,7,2024-04-25 19:42:55.058
CUSTOMER000000025795,,9,2024-04-25 20:34:14.59
CUSTOMER000000025795,,9,2024-04-25 20:37:16.229
CUSTOMER000000025798,,3,2024-04-25 20:40:57.253
CUSTOMER000000025799,아이와,2,2024-04-25 21:32:27.952
CUSTOMER000000025799,아이와 서귀포,2,2024-04-25 21:53:23.244
CUSTOMER000000025803,,1,2024-04-26 11:08:14.171
CUSTOMER000000025804,부모님하고,6,2024-04-26 14:43:22.7
CUSTOMER000000025106,,3,2024-04-26 20:30:48.311
CUSTOMER000000025807,,4,2024-04-26 20:58:27.841
CUSTOMER000000025808,연인과 함께하는,4,2024-04-26 21:16:04.191
CUSTOMER000000020706,,5,2024-04-27 07:45:13.559
CUSTOMER000000020706,이색,5,2024-04-27 07:46:15.516
CUSTOMER000000020706,서귀포 부근 여행,5,2024-04-27 07:49:47.654
CUSTOMER000000025813,아이랑 함께하는,4,2024-04-27 09:14:26.908
CUSTOMER000000025813,비가올때 아이랑 함께하는,4,2024-04-27 09:15:32.911
CUSTOMER000000025814,부모님이랑 ,3,2024-04-27 09:20:21.998
CUSTOMER000000025817,,1,2024-04-27 10:46:50.246
CUSTOMER000000025824,엄마, 오빠와 함께하는 예쁜 바다와 맛있는 음식이 있는 힐링여행,2,2024-04-27 17:01:07.812
CUSTOMER000000025826,가족여행,4,2024-04-27 17:25:18.713
CUSTOMER000000025826,효도여행,4,2024-04-27 17:27:50.922
CUSTOMER000000024991,친구들과함께,2,2024-04-27 17:29:28.502
CUSTOMER000000025827,,4,2024-04-27 17:32:25.41
CUSTOMER000000025827,아이 함ㄲㅣㅣ,4,2024-04-27 17:33:25.785
CUSTOMER000000025693,맛집위주로 알려줘,3,2024-04-27 17:38:50.644
CUSTOMER000000025350,,1,2024-04-27 17:39:29.418
CUSTOMER000000025350,,4,2024-04-27 17:39:46.734
CUSTOMER000000024869,40대 여자 직장동료들과 리프레쉬,3,2024-04-27 17:41:24.216
CUSTOMER000000025693,서쪽 맛집위주로 알려줘,3,2024-04-27 17:46:31.59
CUSTOMER000000025829,온가족,4,2024-04-27 19:51:46.502
CUSTOMER000000025826,부모님과 아이가 즐길 수 있는,2,2024-04-27 20:46:22.075
CUSTOMER000000025326,부부,1,2024-04-27 22:54:12.261
CUSTOMER000000025326,성산,1,2024-04-27 22:54:35.329
CUSTOMER000000025830,부모님,4,2024-04-28 00:07:04.8
CUSTOMER000000001011,참외 먹을 수 있는,1,2024-04-28 00:13:06.709
CUSTOMER000000025831,,1,2024-04-28 07:21:37.339
CUSTOMER000000025834,아이랑 함께 ,6,2024-04-28 10:58:56.087
CUSTOMER000000025835,,3,2024-04-28 12:03:14.982
CUSTOMER000000025836,,4,2024-04-28 12:39:00.737
CUSTOMER000000025837,2박3일,3,2024-04-28 14:21:38.025
CUSTOMER000000025842,아이랑,3,2024-04-28 17:13:39.555
CUSTOMER000000025844,,9,2024-04-28 19:31:44.223
CUSTOMER000000021024,반려견과 함께,3,2024-04-28 22:17:21.075
CUSTOMER000000025845,아이,5,2024-04-28 22:20:45.126
CUSTOMER000000025845,아이,5,2024-04-28 22:20:45.142
CUSTOMER000000025846,중학생,3,2024-04-28 22:23:06.117
CUSTOMER000000025847,6월,3,2024-04-28 22:30:55.816
CUSTOMER000000025848,친구들이랑 생일파티,2,2024-04-28 22:49:07.521
CUSTOMER000000025849,혼자 즐기는,4,2024-04-28 23:13:57.673
CUSTOMER000000025853,가족여행알려줘,4,2024-04-29 10:17:49.118
CUSTOMER000000025854,부부,2,2024-04-29 11:13:37.737
CUSTOMER000000025855,2박3일,3,2024-04-29 11:27:59.113
CUSTOMER000000025803,억세길,6,2024-04-29 12:42:13.187
CUSTOMER000000025803,억세 자전거,6,2024-04-29 12:42:43.407
CUSTOMER000000025803,억세 중산간 자전거,6,2024-04-29 12:43:15.684
CUSTOMER000000020706,,3,2024-04-29 14:10:14.211
CUSTOMER000000025671,아이,2,2024-04-29 14:10:59.193
CUSTOMER000000025857,,4,2024-04-29 17:15:45.514
CUSTOMER000000025857,중문,4,2024-04-29 17:18:37.337
CUSTOMER000000025858,월정리,3,2024-04-29 18:58:48.823
CUSTOMER000000025860,,4,2024-04-29 21:06:26.188
CUSTOMER000000025860,아이와,4,2024-04-29 21:08:00.226
CUSTOMER000000025860,아이와함께 서귀포,4,2024-04-29 21:08:41.395
CUSTOMER000000025861,,6,2024-04-29 21:27:02.576
CUSTOMER000000025861,with husband and 1 child ,6,2024-04-29 21:27:31.672
CUSTOMER000000025862,,3,2024-04-29 22:16:01.759
CUSTOMER000000025863,,4,2024-04-30 00:42:06.072
CUSTOMER000000025864,부모님과 렌트카 없이,4,2024-04-30 03:02:03.402
CUSTOMER000000025864,부모님과 렌트카 없이 우도포함,4,2024-04-30 03:03:04.52
CUSTOMER000000025864,렌트카 없이 우도포함,4,2024-04-30 03:03:32.722
CUSTOMER000000025866,나홀로 여행,4,2024-04-30 04:05:44.302
CUSTOMER000000025866,,4,2024-04-30 04:08:27.298
CUSTOMER000000025867,,1,2024-04-30 07:41:50.188
CUSTOMER000000025869,,4,2024-04-30 11:15:37.194
CUSTOMER000000025869,초등 아이와 함께하고 롯데호텔에 숙박하는 조건으로,4,2024-04-30 11:16:31.588
CUSTOMER000000025869,초등 아이와 함께하고 중문 롯데호텔에 숙박하는 조건으로,4,2024-04-30 11:16:54.382
CUSTOMER000000025871,가족여행,4,2024-04-30 13:03:52.365
CUSTOMER000000025871,아이와 함께 여행,4,2024-04-30 13:05:02.667
CUSTOMER000000025871,동쪽 여행,4,2024-04-30 13:07:10.268
CUSTOMER000000025874,아이와 함께,1,2024-04-30 14:36:59.216
CUSTOMER000000025874,아이와 함께,1,2024-04-30 14:37:05.309
CUSTOMER000000025874,아이와 함께,4,2024-04-30 14:37:15.798
CUSTOMER000000025875,아이와 함께,3,2024-04-30 15:09:42.984
CUSTOMER000000025812,,9,2024-04-30 15:44:16.571
CUSTOMER000000025877,숙박,4,2024-04-30 15:48:35.364
CUSTOMER000000025878,,2,2024-04-30 17:46:01.778
CUSTOMER000000025812,,7,2024-04-30 19:02:09.245
CUSTOMER000000025882,아이와함께하는,4,2024-04-30 23:06:58.045
CUSTOMER000000025886,혼자 여유롭게하는 여행,5,2024-05-01 10:34:51.743
CUSTOMER000000025887,,3,2024-05-01 14:28:09.91
CUSTOMER000000025888,,5,2024-05-01 14:32:31.327
CUSTOMER000000025890,,3,2024-05-01 15:20:53.286
CUSTOMER000000025893,아이와 함께 할 수 있는,4,2024-05-01 16:48:43.742
CUSTOMER000000025893,아기와 함께 할 수 있는,4,2024-05-01 16:51:05.508
CUSTOMER000000025893,아기와 함께 할 수 있는,4,2024-05-01 16:57:52.964
CUSTOMER000000025896,애인이랑 같이 ,3,2024-05-01 20:11:15.439
CUSTOMER000000025887,서귀포 여행,1,2024-05-01 21:09:04.033
CUSTOMER000000025898,아이,4,2024-05-01 23:33:14.018
CUSTOMER000000025899,,6,2024-05-02 00:10:27.664
CUSTOMER000000025899,,6,2024-05-02 00:12:34.174
CUSTOMER000000025902,,3,2024-05-02 07:31:52.105
CUSTOMER000000025905,20개월 아기와 함께,4,2024-05-02 12:38:33.013
CUSTOMER000000025907,,8,2024-05-02 14:45:11.925
CUSTOMER000000025909,남자친구와 함께 하는 여행,3,2024-05-02 15:16:34.536
CUSTOMER000000025910,,3,2024-05-02 16:37:10.493
CUSTOMER000000025912,연인과,4,2024-05-02 19:47:01.679
CUSTOMER000000025915,아이와 함께 할 수 있는,3,2024-05-02 22:39:24.511
CUSTOMER000000025915,실내위주의,3,2024-05-02 22:47:08.774
CUSTOMER000000025916,부모님과 가족여행,3,2024-05-02 23:12:49.351
CUSTOMER000000025919,엄마랑,4,2024-05-03 01:33:58.658
CUSTOMER000000025921,부모님 모시고,4,2024-05-03 08:40:34.537
CUSTOMER000000025922,,4,2024-05-03 10:06:42.706
CUSTOMER000000025922,아이,4,2024-05-03 10:07:40.774
CUSTOMER000000025922,아이와 함께,4,2024-05-03 10:08:40.07
CUSTOMER000000025886,혼자 먹을 맛있는 식당,5,2024-05-03 12:07:43.299
CUSTOMER000000025923,아빠,3,2024-05-03 14:11:53.262
CUSTOMER000000025925,아이,3,2024-05-03 16:00:20.8
CUSTOMER000000025928,2박 3일,3,2024-05-03 19:21:36.668
CUSTOMER000000025928,,3,2024-05-03 19:28:37.227
CUSTOMER000000025930,,2,2024-05-03 20:05:05.641
CUSTOMER000000025932,아이와. 함께. 할수있는,4,2024-05-03 21:40:47.72
CUSTOMER000000025932,테마파크,4,2024-05-03 21:43:51.576
CUSTOMER000000025933,오가네가족여행,6,2024-05-04 01:06:39.792
CUSTOMER000000025928,,3,2024-05-04 07:51:42.149
CUSTOMER000000025934,아이와함께,4,2024-05-04 08:09:42.935
CUSTOMER000000025928,,3,2024-05-04 08:10:28.739
CUSTOMER000000025934,어린이와함께,4,2024-05-04 08:12:36.125
CUSTOMER000000025928,,3,2024-05-04 08:48:03.083
CUSTOMER000000025935,초등학생 자녀와,5,2024-05-04 10:53:10.387
CUSTOMER000000025938,부부가,3,2024-05-04 13:30:53.46
CUSTOMER000000025938,부부,3,2024-05-04 15:58:11.758
CUSTOMER000000025941,엄마랑 ,4,2024-05-04 18:28:11.218
CUSTOMER000000025941,엄마랑 액티비티,4,2024-05-04 18:29:24.754
CUSTOMER000000025941,해양레저,4,2024-05-04 18:30:04.062
CUSTOMER000000012238,,4,2024-05-04 19:57:38.137
CUSTOMER000000012238,애월중문제주시 순으로,4,2024-05-04 19:58:31.139
CUSTOMER000000012238,애월중문제주시 순으로 마지막날은 브런치,4,2024-05-04 20:01:05.004
CUSTOMER000000012316,가족,4,2024-05-04 20:26:49.541
CUSTOMER000000025942,혼자,5,2024-05-04 20:37:50.269
CUSTOMER000000025944,스쿠터,4,2024-05-05 02:11:36.687
CUSTOMER000000025945,2024 제주,4,2024-05-05 10:20:26.65
CUSTOMER000000017278,부부,5,2024-05-05 11:38:49.751
CUSTOMER000000025311,여자친구랑,1,2024-05-05 11:43:09.637
CUSTOMER000000025928,,2,2024-05-05 11:51:35.105
CUSTOMER000000025947,,4,2024-05-05 19:51:12.049
CUSTOMER000000025948,가족과 여행,4,2024-05-05 21:54:11.156
CUSTOMER000000025953,아이와,9,2024-05-06 05:22:05.014
CUSTOMER000000025953,아이와,9,2024-05-06 05:23:12.932
CUSTOMER000000025953,아이와,4,2024-05-06 05:23:26.606
CUSTOMER000000025957,아기와 함께하는,4,2024-05-06 14:32:47.399
CUSTOMER000000025958,,3,2024-05-06 14:33:12.407
CUSTOMER000000025958,,3,2024-05-06 14:56:33.71
CUSTOMER000000025959,더블데이트,3,2024-05-06 18:07:26.454
CUSTOMER000000025960,커플,3,2024-05-06 18:39:09.998
CUSTOMER000000025311,비오는날 여자친구랑,1,2024-05-06 21:41:35.993
CUSTOMER000000025961,서귀포,2,2024-05-06 21:57:42.441
CUSTOMER000000025961,조천에서 가족과 함께,2,2024-05-06 21:59:45.2
CUSTOMER000000025961,조천에서 가족과 함께 해변,2,2024-05-06 22:01:44.054
CUSTOMER000000025965,,5,2024-05-07 00:40:30.914
CUSTOMER000000022515,중학생 초등학생 저녀와 함께 제주 여행,5,2024-05-07 14:26:07.627
CUSTOMER000000025968,동쪽 여행,3,2024-05-07 15:25:21.084
CUSTOMER000000025968,우도 코스,1,2024-05-07 15:26:49.183
CUSTOMER000000025969,,4,2024-05-07 15:56:00.316
CUSTOMER000000025970,친구들과 즐기는,4,2024-05-07 16:18:31.368
CUSTOMER000000025970,친구들과 즐기는,4,2024-05-07 16:18:31.606
CUSTOMER000000025970,친구들과 즐기는,4,2024-05-07 16:18:31.706
CUSTOMER000000025973,커플,2,2024-05-07 21:25:12.841
CUSTOMER000000025977,,5,2024-05-07 22:55:21.705
CUSTOMER000000025979,아잉ㅡㅏ 함ㄲㅣㅣ,4,2024-05-08 00:02:10.285
CUSTOMER000000025979,아이랑,4,2024-05-08 08:15:44.957
CUSTOMER000000025982,아이와 함께 할 수 있는,4,2024-05-08 11:44:39.857
CUSTOMER000000025982,두돌 아기가 좋아하는,4,2024-05-08 11:45:22.756
CUSTOMER000000025984,,3,2024-05-08 16:03:21.972
CUSTOMER000000025983,,5,2024-05-08 18:19:34.264
CUSTOMER000000025361,아이와 함께 할 수 있는,1,2024-05-08 18:51:17.597
CUSTOMER000000025988,,6,2024-05-08 21:40:03.322
CUSTOMER000000025990,아이와 함께 할 수 있는,4,2024-05-08 23:27:45.608
CUSTOMER000000025886,제주도 혼밥맛집,5,2024-05-09 08:45:50.962
CUSTOMER000000025994,,5,2024-05-09 10:01:49.902
CUSTOMER000000025671,아이와여행,2,2024-05-09 10:19:18.214
CUSTOMER000000025997,,7,2024-05-09 11:01:47.155
CUSTOMER000000025998,3대가 할수있는 ㄷㅡㅇㅉㅡㄱ,3,2024-05-09 11:20:17.521
CUSTOMER000000025998,ㅅㅣㅇ산읍,3,2024-05-09 11:21:57.594
CUSTOMER000000025746,,2,2024-05-09 12:11:37.873
CUSTOMER000000026001,애인,3,2024-05-09 13:39:51.6
CUSTOMER000000026006,부부 2박3일,3,2024-05-09 18:16:32.011
CUSTOMER000000026007,가족과 함께하는,3,2024-05-09 19:16:24.423
CUSTOMER000000026007,부모님과 함께하는,3,2024-05-09 19:17:21.733
CUSTOMER000000026008,경치,5,2024-05-09 20:29:49.694
CUSTOMER000000026009,,6,2024-05-09 21:50:58.539
CUSTOMER000000026010,,3,2024-05-10 00:17:25.945
CUSTOMER000000026011,중문에서 가까운,3,2024-05-10 00:22:10.231
CUSTOMER000000026014,가족과 함께하는,8,2024-05-10 07:57:09.362
CUSTOMER000000026014,가족과 함께하는 5월 여행,8,2024-05-10 07:57:37.409
CUSTOMER000000026014,가족과 함께하는 5월 힐링,8,2024-05-10 07:58:19.346
CUSTOMER000000026016,아이와 함께,3,2024-05-10 11:42:23.098
CUSTOMER000000026016,17시부터 17시,3,2024-05-10 11:44:26.285
CUSTOMER000000026016,17시비행기도착 17시비행기탑승,3,2024-05-10 11:45:46.346
CUSTOMER000000026018,아이와함께,4,2024-05-10 15:06:55.001
CUSTOMER000000026009,트레킹을 위한 ,5,2024-05-10 15:50:51.002
CUSTOMER000000026009,5월에 가기좋은 ,5,2024-05-10 15:53:25.575
CUSTOMER000000026009,5월에 가기좋은 ,5,2024-05-10 15:57:36.023
CUSTOMER000000026019,14일,8,2024-05-10 16:42:46.515
CUSTOMER000000026022,,4,2024-05-10 21:37:42.314
CUSTOMER000000026024,,4,2024-05-11 07:48:03.687
CUSTOMER000000026026,ㅎㅡㄴ장ㅣ행,3,2024-05-11 14:05:34.251
CUSTOMER000000026024,,4,2024-05-11 19:18:01.56
CUSTOMER000000026032,애인과 같이가는,3,2024-05-11 21:12:14.579
CUSTOMER000000026032,애인과 같이가는 서쪽,3,2024-05-11 21:13:56.014
CUSTOMER000000026032,서쪽에서 애인과 같이가는 ,3,2024-05-11 21:18:16.622
CUSTOMER000000026034,아이랑,4,2024-05-11 22:05:48.137
CUSTOMER000000026033,혼자서 즐기는,3,2024-05-11 22:41:58.41
CUSTOMER000000026035,아이와 함께하는 서쪽,4,2024-05-11 22:49:09.105
CUSTOMER000000026036,엄마랑 아이랑 말타는 일정,4,2024-05-12 01:30:43.295
CUSTOMER000000026036,36개월 아기랑 말타는 일정,4,2024-05-12 01:31:22.794
CUSTOMER000000026036,36개월 아기랑 말타는 일정,4,2024-05-12 01:31:25.856
CUSTOMER000000026037,친구들,3,2024-05-12 01:56:59.463
CUSTOMER000000026037,남자친구,3,2024-05-12 01:59:06.756
CUSTOMER000000026038,연인과함께하는,4,2024-05-12 04:00:58.983
CUSTOMER000000026039,힐링할수있는,3,2024-05-12 11:10:11.423
CUSTOMER000000026024,재미있는,4,2024-05-12 11:38:59.582
CUSTOMER000000025886,혼자 힐링여행,5,2024-05-12 12:16:33.924
CUSTOMER000000026040,,4,2024-05-12 14:29:01.685
CUSTOMER000000026033,여러 사람을 만날 수 있는,3,2024-05-12 15:04:14.259
CUSTOMER000000025871,동쪽 여행,4,2024-05-12 15:56:12.545
CUSTOMER000000026041,맛집,3,2024-05-12 16:37:08.507
CUSTOMER000000026041,중문여행,3,2024-05-12 16:39:41.285
CUSTOMER000000026043,10살 아이와 함께할수 있는,6,2024-05-12 22:15:04.386
CUSTOMER000000026044,동료들과,4,2024-05-12 23:33:28.963
CUSTOMER000000026044,동료들과 애월 숙소를 고려한,4,2024-05-12 23:35:47.961
CUSTOMER000000026046,,3,2024-05-13 06:56:11.163
CUSTOMER000000026048,아이와 함께할 수 있는,4,2024-05-13 08:20:24.096
CUSTOMER000000025886,사람없는 비밀의 장소,4,2024-05-13 08:30:41.491
CUSTOMER000000026017,어머니와 함께하는,3,2024-05-13 09:58:37.887
CUSTOMER000000026050,,4,2024-05-13 13:26:09.273
CUSTOMER000000026050,아기와 함께,4,2024-05-13 13:26:20.519
CUSTOMER000000026054,,4,2024-05-13 16:01:25.535
CUSTOMER000000026048,아기와 함께할 수 있는 판포포구 근처,4,2024-05-13 17:06:51.59
CUSTOMER000000026055,엄마,4,2024-05-13 17:10:26.922
CUSTOMER000000026048,경치가 아름다운,4,2024-05-13 17:19:38.153
CUSTOMER000000026056,엄마와 함께,3,2024-05-13 17:33:52.601
CUSTOMER000000026059,,3,2024-05-13 21:28:42.549
CUSTOMER000000026059,,3,2024-05-13 21:36:54.354
CUSTOMER000000026060,,3,2024-05-13 22:03:22.686
CUSTOMER000000026032,애인과함께,4,2024-05-13 22:22:14.987
CUSTOMER000000026063,아이와 함께 할수있는,3,2024-05-13 22:34:32.164
CUSTOMER000000026065,아이,5,2024-05-13 23:40:42.237
CUSTOMER000000026065,아이와 함께 할 수 있는,5,2024-05-13 23:48:15.55
CUSTOMER000000026065,여름에도 줄거운,5,2024-05-13 23:49:42.671
CUSTOMER000000026066,20대 친구 4명의 여행일정,3,2024-05-14 00:43:58.915
CUSTOMER000000026066,20대 친구 4명 여름 제주 여행,3,2024-05-14 00:46:06.548
CUSTOMER000000026068,아이랑 임산부,4,2024-05-14 02:32:14.401
CUSTOMER000000026119,중학생 아들 3,3,2024-05-18 07:51:49.525
CUSTOMER000000026122,친구들과 함께하는 동부여행,3,2024-05-18 10:50:21.244
CUSTOMER000000026124,아이와 갈 수 있는 제주 애월 ,3,2024-05-18 14:13:16.226
CUSTOMER000000026125,붐ㅡ,4,2024-05-18 14:26:27.126
CUSTOMER000000026126,,3,2024-05-18 15:01:20.402
CUSTOMER000000026126,,3,2024-05-18 16:53:17.176
CUSTOMER000000026069,친구랑둘이,3,2024-05-14 06:53:58.243
CUSTOMER000000025844,아이,4,2024-05-14 11:27:07.216
CUSTOMER000000026032,가족거ㅏ함께,3,2024-05-14 13:56:56.151
CUSTOMER000000026076,예쁜 사진과 풍경,2,2024-05-14 21:30:01.648
CUSTOMER000000026076,예쁜 사진과 풍경 서귀포,2,2024-05-14 21:30:38.327
CUSTOMER000000026077,,4,2024-05-14 21:52:42.238
CUSTOMER000000026078,아이와,3,2024-05-14 22:57:05.336
CUSTOMER000000020432,아이랑 ,3,2024-05-15 00:56:47.753
CUSTOMER000000026065,여름을 즐기는,5,2024-05-15 06:35:55.704
CUSTOMER000000026082,,3,2024-05-15 11:27:21.822
CUSTOMER000000026084,친구 ,4,2024-05-15 15:31:20.93
CUSTOMER000000026087,나를 위한,3,2024-05-15 17:23:21.76
CUSTOMER000000026088,아내와 ,3,2024-05-15 18:14:10.321
CUSTOMER000000026088,아내와 ,3,2024-05-15 20:11:01.747
CUSTOMER000000026093,,4,2024-05-15 23:06:54.831
CUSTOMER000000026094,,3,2024-05-15 23:21:39.863
CUSTOMER000000026095,,6,2024-05-16 01:08:02.819
CUSTOMER000000026096,여자친구와 함께하는,5,2024-05-16 02:34:22.624
CUSTOMER000000026097,,3,2024-05-16 08:10:23.908
CUSTOMER000000001011,,1,2024-05-16 10:07:56.866
CUSTOMER000000001011,,1,2024-05-16 11:49:17.047
CUSTOMER000000001011,,1,2024-05-16 12:21:59.925
CUSTOMER000000026099,남자친구와 함께하는,5,2024-05-16 14:19:23.981
CUSTOMER000000026099,혼자 즐길수있는,4,2024-05-16 14:21:23.004
CUSTOMER000000026099,가족과 함께 할 수 있는,3,2024-05-16 14:24:06.122
CUSTOMER000000025335,아이와 함께,3,2024-05-16 15:27:38.933
CUSTOMER000000026100,,3,2024-05-16 19:37:58.744
CUSTOMER000000026100,아이,3,2024-05-16 19:41:14.785
CUSTOMER000000026101,연인이랑,2,2024-05-17 00:48:42.459
CUSTOMER000000026102,아잉ㅢ,3,2024-05-17 08:27:50.34
CUSTOMER000000024869,연인과 함께,3,2024-05-17 10:40:22.546
CUSTOMER000000001011,,1,2024-05-17 11:35:38.736
CUSTOMER000000026110,아이와 우도포함,4,2024-05-17 15:19:53.25
CUSTOMER000000026110,아이와 함께 우도에서 1박하는,4,2024-05-17 15:25:00.865
CUSTOMER000000026110,,4,2024-05-17 15:44:10.753
CUSTOMER000000026112,부모님과,3,2024-05-17 20:18:27.824
CUSTOMER000000026116,,4,2024-05-17 22:06:58.459
CUSTOMER000000026118,아이와 함께하는,2,2024-05-18 01:45:21.859
CUSTOMER000000026127,,1,2024-05-18 18:30:03.788
CUSTOMER000000026127,,1,2024-05-18 18:48:28.758
CUSTOMER000000026127,,1,2024-05-18 18:50:21.796
CUSTOMER000000026129,친구들하고 함께,3,2024-05-18 22:43:07.77
CUSTOMER000000026132,와이프랑,2,2024-05-19 08:41:15.436
CUSTOMER000000026132,가족여행,2,2024-05-19 09:52:53.777
CUSTOMER000000026132,가족,2,2024-05-19 09:54:42.406
CUSTOMER000000026135,가족들,3,2024-05-19 12:42:07.114
CUSTOMER000000026135,가족들과 함께할수있는,3,2024-05-19 12:46:35.92
CUSTOMER000000026137,,5,2024-05-19 14:37:10.526
CUSTOMER000000026137,,5,2024-05-19 14:38:13.281
CUSTOMER000000026137,애들이랑 같이 ,5,2024-05-19 14:41:11.023
CUSTOMER000000026098,표선 근처 맛집 알려줘,1,2024-05-19 17:00:42.726
CUSTOMER000000026140,맛집 탐방,2,2024-05-19 18:09:58.465
CUSTOMER000000026141,,3,2024-05-19 18:34:23.786
CUSTOMER000000026142,사랑하는 사람과 떠나는 신혼여행,6,2024-05-19 19:13:16.924
CUSTOMER000000026144,,4,2024-05-19 20:45:51.408
CUSTOMER000000026146,2,3,2024-05-19 22:05:35.949
CUSTOMER000000026147,,4,2024-05-19 22:27:10.128
CUSTOMER000000026148,가족들과 ,3,2024-05-19 22:37:17.984
CUSTOMER000000026149,아이랑 즐기는,4,2024-05-19 22:47:41.054
CUSTOMER000000026149,아이랑 같이,4,2024-05-19 22:51:32.444
CUSTOMER000000026142,신혼여행,6,2024-05-20 01:15:43.442
CUSTOMER000000023196,,2,2024-05-20 08:32:26.883
CUSTOMER000000026142,신혼여행,6,2024-05-20 10:19:19.682
CUSTOMER000000026142,신혼여행,6,2024-05-20 10:20:07.26
CUSTOMER000000026152,혼자 힐링할수있는,9,2024-05-20 10:36:54.391
CUSTOMER000000023196,,2,2024-05-20 10:39:26.046
CUSTOMER000000023196,,2,2024-05-20 10:39:42.99
CUSTOMER000000026153,남자친구랑,3,2024-05-20 11:38:43.306
CUSTOMER000000026153,동쪽데이트,3,2024-05-20 11:41:28.185
CUSTOMER000000026153,우도,1,2024-05-20 11:42:47.969
CUSTOMER000000026137,애들이랑,5,2024-05-20 14:50:44.824
CUSTOMER000000023196,,2,2024-05-20 15:12:31.958
CUSTOMER000000023196,,2,2024-05-20 15:17:12.409
CUSTOMER000000026154,부모님과 같이,3,2024-05-20 16:28:45.261
CUSTOMER000000026155,드라이브하면서 볼 수 있는,4,2024-05-20 16:28:57.178
CUSTOMER000000026155,드라이브하면서 볼 수 있는,2,2024-05-20 16:29:17.41
CUSTOMER000000026155,드라이브하면서 볼 수 있는,3,2024-05-20 16:29:52.936
CUSTOMER000000026158,,4,2024-05-20 18:23:25.774
CUSTOMER000000026158,아이,4,2024-05-20 18:25:49.919
CUSTOMER000000026101,친구,2,2024-05-20 19:53:53.561
CUSTOMER000000026159,2 adults 1 kid,7,2024-05-20 20:28:36.043
CUSTOMER000000026160,,3,2024-05-20 20:34:45.708
CUSTOMER000000026160,뚜벅이 애월에서 시작,2,2024-05-20 20:35:07.558
CUSTOMER000000026160,뚜벅이 연인의 애월여행 힐링위주 이동이 필요할 시 택시를 탈것임,1,2024-05-20 20:42:25.37
CUSTOMER000000025490,혼자,2,2024-05-20 21:05:06.419
CUSTOMER000000026032,가족과함께,6,2024-05-20 21:12:53.144
CUSTOMER000000026163,아이랑,4,2024-05-20 21:28:51.242
CUSTOMER000000026163,아이랑,4,2024-05-20 21:29:22.054
CUSTOMER000000026163,아이랑,4,2024-05-20 21:29:37.489
CUSTOMER000000026101,친구랑 구좌,2,2024-05-20 22:32:29.324
CUSTOMER000000026154,,3,2024-05-20 23:24:24.007
CUSTOMER000000026154,부모님과 여자친구와 함께 가는 여행,3,2024-05-20 23:24:46.423
CUSTOMER000000026167,비자림,3,2024-05-20 23:26:14.463
CUSTOMER000000026168,부부,1,2024-05-21 02:09:54.914
CUSTOMER000000026101,구좌 조천,2,2024-05-21 02:36:32.036
CUSTOMER000000023196,,2,2024-05-21 15:54:37.062
CUSTOMER000000026154,부모님과 함께하고, 서귀포시에 숙소가 있어,3,2024-05-21 15:56:40.827
CUSTOMER000000026154,부모님과 같이 여행,3,2024-05-21 16:01:27.64
CUSTOMER000000026154,부모님과 같이 여행 숙소는 서귀포에 있고 최대한 알차게 여행가고 싶어,3,2024-05-21 16:05:02.294
CUSTOMER000000026171,,3,2024-05-21 16:08:05.017
CUSTOMER000000026170,,3,2024-05-21 16:08:35.973
CUSTOMER000000026173,애인과,3,2024-05-21 18:08:09.154
CUSTOMER000000026173,애인과,3,2024-05-21 18:08:17.481
CUSTOMER000000026173,,3,2024-05-21 18:43:49.928
CUSTOMER000000026175,친구,3,2024-05-21 21:39:42.3
CUSTOMER000000026176,,4,2024-05-21 21:43:08.626
CUSTOMER000000026179,,4,2024-05-22 00:58:38.797
CUSTOMER000000026180,커플여행,4,2024-05-22 06:14:24.846
CUSTOMER000000026181,비 올 때 갈만한,1,2024-05-22 09:20:42.552
CUSTOMER000000026183,아이와 함께 할수있는,4,2024-05-22 12:22:39.514
CUSTOMER000000026184,,4,2024-05-22 12:30:48.845
CUSTOMER000000005761,,3,2024-05-22 19:01:21.077
CUSTOMER000000005761,강아지,3,2024-05-22 19:01:48.769
CUSTOMER000000026192,커플여행,5,2024-05-22 21:18:52.189
CUSTOMER000000026192,젊은층여행,5,2024-05-22 21:19:59.207
CUSTOMER000000026193,,4,2024-05-23 02:03:54.801
CUSTOMER000000026193,아이 식구,4,2024-05-23 02:11:34.714
CUSTOMER000000026193,남원읍,4,2024-05-23 02:12:36.62
CUSTOMER000000026200,아이와 함께,3,2024-05-23 10:37:52.007
CUSTOMER000000026200,아이와 함께,3,2024-05-23 10:37:55.533
CUSTOMER000000026200,travel with child,3,2024-05-23 10:38:31.637
CUSTOMER000000026203,play with child,3,2024-05-23 10:39:35.152
CUSTOMER000000026204,신행,5,2024-05-23 11:22:14.132
CUSTOMER000000026209,,4,2024-05-23 14:50:39.373
CUSTOMER000000026211,친구랑,3,2024-05-23 15:01:59.049
CUSTOMER000000026211,오설록레일바이크 무조건 가고싶은뚜벅이,3,2024-05-23 15:03:36.575
CUSTOMER000000026212,아이와함께,3,2024-05-23 15:26:53.045
CUSTOMER000000026213,,3,2024-05-23 15:35:04.627
CUSTOMER000000026206,혼자 밥먹고 싶어,1,2024-05-23 18:49:14.954
CUSTOMER000000026216,,3,2024-05-23 22:18:50.924
CUSTOMER000000026218,,3,2024-05-24 07:09:12.981
CUSTOMER000000026204,신행,5,2024-05-24 13:33:13.355
CUSTOMER000000026220,남친이랑,3,2024-05-24 15:47:27.528
CUSTOMER000000026224,혼자,4,2024-05-24 20:28:39.037
CUSTOMER000000026224,혼자,5,2024-05-24 20:29:47.514
CUSTOMER000000026230,,7,2024-05-25 08:44:47.835
CUSTOMER000000026234,,4,2024-05-25 13:36:33.177
CUSTOMER000000026236,,3,2024-05-25 17:29:40.819
CUSTOMER000000026237,,5,2024-05-25 18:58:07.633
CUSTOMER000000026237,,5,2024-05-25 18:59:44.025
CUSTOMER000000026238,데이트코스,3,2024-05-25 19:31:54.153
CUSTOMER000000026238,데이트코스,3,2024-05-25 19:33:14.986
CUSTOMER000000026240,,3,2024-05-25 20:52:21.671
CUSTOMER000000026241,,5,2024-05-25 21:13:01.882
CUSTOMER000000026245,2박3일,3,2024-05-25 23:51:14.571
CUSTOMER000000026245,2박3일,3,2024-05-25 23:53:03.977
CUSTOMER000000026248,트레킹,5,2024-05-26 06:02:51.253
CUSTOMER000000026248,여행,5,2024-05-26 06:04:33.637
CUSTOMER000000026248,여행,5,2024-05-26 06:07:14.669
CUSTOMER000000026250,,9,2024-05-26 10:38:10.766
CUSTOMER000000026250,동쪽,9,2024-05-26 10:38:49.561
CUSTOMER000000026250,동쪽해변,9,2024-05-26 10:39:03.102
CUSTOMER000000026252,,8,2024-05-26 11:18:58.396
CUSTOMER000000012011,,3,2024-05-26 12:24:44.84
CUSTOMER000000026253,아기와 함께,3,2024-05-26 13:05:35.055
CUSTOMER000000026254,휴식,4,2024-05-26 13:28:55.082
CUSTOMER000000026237,6월,5,2024-05-26 16:12:50.71
CUSTOMER000000026237,6월 서쪽 제주,5,2024-05-26 16:13:46.701
CUSTOMER000000021108,강아지와 함께 할수있는,2,2024-05-26 17:15:16.011
CUSTOMER000000021108,비오는날 할수 있는,2,2024-05-26 17:15:51.692
CUSTOMER000000026257,4인가족,4,2024-05-26 20:43:09.54
CUSTOMER000000026257,익사이팅 가족여행,4,2024-05-26 20:52:38.334
CUSTOMER000000026257,6월 추천 여행지,4,2024-05-26 20:55:49.433
CUSTOMER000000026258,,6,2024-05-26 21:47:18.919
CUSTOMER000000026267,아이,3,2024-05-27 08:50:50.533
CUSTOMER000000026268,아이,3,2024-05-27 08:50:51.245
CUSTOMER000000026268,child,3,2024-05-27 08:51:43.539
CUSTOMER000000026267,child,3,2024-05-27 08:51:54.55
CUSTOMER000000026275,엄마와,4,2024-05-27 14:44:34.758
CUSTOMER000000026277,,4,2024-05-27 16:12:11.597
CUSTOMER000000026278,연인과 한께,4,2024-05-27 16:14:00.851
CUSTOMER000000026278,연인과 함께,4,2024-05-27 16:26:57.424
CUSTOMER000000026280,친구랑,4,2024-05-27 18:20:27.028
CUSTOMER000000026280,친구랑 서쪽,2,2024-05-27 18:22:58.484
CUSTOMER000000026280,대중교통 이용한 서쪽여행,2,2024-05-27 18:27:10.831
CUSTOMER000000026282,,4,2024-05-27 20:01:03.083
CUSTOMER000000026285,,4,2024-05-27 22:41:17.816
CUSTOMER000000026286,,4,2024-05-28 01:18:33.884
CUSTOMER000000026287,부모님과 함께,4,2024-05-28 03:45:10.173
CUSTOMER000000026289,비오는날,4,2024-05-28 12:27:30.065
CUSTOMER000000026278,연인과 함께,4,2024-05-28 14:06:46.705
CUSTOMER000000026293,아이,9,2024-05-28 14:26:25.938
CUSTOMER000000026294,,5,2024-05-28 14:51:46.851
CUSTOMER000000026294,,5,2024-05-28 15:01:01.621
CUSTOMER000000026294,,5,2024-05-28 15:05:23.301
CUSTOMER000000026295,자매가함ㄲㅣㅣ하는,6,2024-05-28 15:55:59.187
CUSTOMER000000026295,자매가 같이하는,6,2024-05-28 15:57:42.537
CUSTOMER000000026298,,4,2024-05-28 22:56:39.009
CUSTOMER000000026300,,4,2024-05-29 01:52:37.819
CUSTOMER000000026304,갱들 룩북 촬영,4,2024-05-29 07:40:01.306
CUSTOMER000000026307,숨은,4,2024-05-29 11:49:15.529
CUSTOMER000000026310,,2,2024-05-29 15:17:40.975
CUSTOMER000000026055,엄마와 함께하는,3,2024-05-29 16:26:53.184
CUSTOMER000000026315,,4,2024-05-29 18:47:45.768
CUSTOMER000000026315,,4,2024-05-29 18:49:28.574
CUSTOMER000000026315,,4,2024-05-29 18:51:27.711
CUSTOMER000000026316,,2,2024-05-29 20:09:34.296
CUSTOMER000000026316,데이트,2,2024-05-29 20:09:44.499
CUSTOMER000000026318,서귀포시 놀거리,9,2024-05-29 22:25:07.316
CUSTOMER000000026319,칠순여행,3,2024-05-29 22:29:44.381
CUSTOMER000000026318,친구와 즐기는,7,2024-05-29 22:30:11.979
CUSTOMER000000026318,서귀포시 친구와 즐기는,7,2024-05-29 22:31:01.777
CUSTOMER000000026211,친구랑 함께하는 힐링,3,2024-05-30 00:59:06.654
CUSTOMER000000026322,,3,2024-05-30 07:10:01.307
CUSTOMER000000026099,부모님과 함께 하는,4,2024-05-30 09:39:01.341
