location,loc_date,sunrise,sunset,update_dt
성산일출,20240529,0524,1935,2024-05-29 01:02:33.988
서울,20240529,0514,1946,2024-05-29 01:02:46.807
성산일출,20240530,0524,1936,2024-05-30 01:01:46.64
서울,20240530,0513,1946,2024-05-30 01:01:48.614
성산일출,20240531,0524,1936,2024-05-30 01:01:46.678
성산일출,20240601,0523,1937,2024-05-30 01:01:46.726
서울,20240531,0513,1947,2024-05-30 01:01:48.689
서울,20240601,0512,1948,2024-05-30 01:01:48.768
성산일출,20240602,0523,1938,2024-05-30 01:01:46.763
서울,20240602,0512,1948,2024-05-30 01:01:48.906
서울,20240603,0512,1949,2024-05-30 01:01:49.04
성산일출,20240604,0523,1939,2024-05-30 01:01:46.839
서울,20240604,0511,1950,2024-05-30 01:01:49.106
성산일출,20240605,0523,1939,2024-05-30 01:01:46.88
서울,20240605,0511,1950,2024-05-30 01:01:49.262
서울,20240606,0511,1951,2024-05-30 01:01:49.417
서울,20240607,0511,1951,2024-05-30 01:01:49.479
제주,20240608,0524,1943,2024-05-30 01:01:42.026
서귀포,20240608,0524,1942,2024-05-30 01:01:44.744
성산일출,20240608,0522,1941,2024-05-30 01:01:47.142
서울,20240608,0511,1952,2024-05-30 01:01:49.659
제주,20240609,0524,1943,2024-05-30 01:01:42.231
서귀포,20240609,0524,1942,2024-05-30 01:01:44.818
성산일출,20240609,0522,1941,2024-05-30 01:01:47.398
서울,20240609,0510,1952,2024-05-30 01:01:49.779
제주,20240610,0523,1943,2024-05-30 01:01:42.369
서귀포,20240610,0524,1943,2024-05-30 01:01:44.878
성산일출,20240610,0522,1942,2024-05-30 01:01:47.442
서울,20240610,0510,1953,2024-05-30 01:01:49.842
제주,20240611,0523,1944,2024-05-30 01:01:42.429
서귀포,20240611,0524,1943,2024-05-30 01:01:44.945
성산일출,20240611,0522,1942,2024-05-30 01:01:47.483
서울,20240611,0510,1953,2024-05-30 01:01:49.976
제주,20240612,0523,1944,2024-05-30 01:01:42.487
서귀포,20240612,0524,1944,2024-05-30 01:01:45.006
성산일출,20240612,0522,1943,2024-05-30 01:01:47.522
제주,20240529,0526,1937,2024-05-29 01:00:00.86
서귀포,20240529,0526,1936,2024-05-29 01:02:18.65
제주,20240530,0526,1938,2024-05-29 01:00:07.921
서귀포,20240530,0526,1937,2024-05-30 01:01:44.134
제주,20240531,0525,1938,2024-05-27 01:01:21.863
제주,20240601,0525,1939,2024-05-29 01:00:29.657
서귀포,20240531,0526,1937,2024-05-30 01:01:44.192
서귀포,20240601,0525,1938,2024-05-30 01:01:44.255
제주,20240602,0525,1939,2024-05-30 01:01:41.404
서귀포,20240602,0525,1939,2024-05-30 01:01:44.314
제주,20240603,0524,1940,2024-05-30 01:01:41.536
서귀포,20240603,0525,1939,2024-05-30 01:01:44.376
성산일출,20240603,0523,1938,2024-05-30 01:01:46.801
제주,20240604,0524,1940,2024-05-30 01:01:41.596
서귀포,20240604,0525,1940,2024-05-30 01:01:44.498
제주,20240605,0524,1941,2024-05-30 01:01:41.706
서귀포,20240605,0525,1940,2024-05-30 01:01:44.557
제주,20240606,0524,1942,2024-05-30 01:01:41.768
서귀포,20240606,0524,1941,2024-05-30 01:01:44.616
성산일출,20240606,0522,1940,2024-05-30 01:01:47.053
제주,20240607,0524,1942,2024-05-30 01:01:41.964
서귀포,20240607,0524,1941,2024-05-30 01:01:44.68
성산일출,20240607,0522,1940,2024-05-30 01:01:47.104
제주,20240619,0524,1947,2024-05-30 01:01:43.038
서귀포,20240619,0525,1946,2024-05-30 01:01:45.764
성산일출,20240619,0523,1945,2024-05-30 01:01:47.934
서울,20240619,0511,1956,2024-05-30 01:01:50.888
제주,20240620,0524,1947,2024-05-30 01:01:43.094
서귀포,20240620,0525,1946,2024-05-30 01:01:45.822
성산일출,20240620,0523,1945,2024-05-30 01:01:47.973
서울,20240620,0511,1957,2024-05-30 01:01:51.023
제주,20240621,0524,1947,2024-05-30 01:01:43.229
서귀포,20240621,0525,1946,2024-05-30 01:01:45.881
성산일출,20240621,0523,1945,2024-05-30 01:01:48.012
서울,20240621,0511,1957,2024-05-30 01:01:51.08
제주,20240622,0525,1947,2024-05-30 01:01:43.295
서귀포,20240622,0525,1946,2024-05-30 01:01:45.94
성산일출,20240622,0523,1945,2024-05-30 01:01:48.053
서울,20240622,0511,1957,2024-05-30 01:01:51.198
제주,20240623,0525,1947,2024-05-30 01:01:43.363
서귀포,20240623,0525,1947,2024-05-30 01:01:46.072
성산일출,20240623,0523,1946,2024-05-30 01:01:48.092
서울,20240623,0512,1957,2024-05-30 01:01:51.261
제주,20240624,0525,1948,2024-05-30 01:01:43.42
서귀포,20240624,0526,1947,2024-05-30 01:01:46.139
성산일출,20240624,0524,1946,2024-05-30 01:01:48.132
서울,20240624,0512,1957,2024-05-30 01:01:51.327
제주,20240625,0525,1948,2024-05-30 01:01:43.488
서귀포,20240625,0526,1947,2024-05-30 01:01:46.207
성산일출,20240625,0524,1946,2024-05-30 01:01:48.238
서울,20240625,0512,1957,2024-05-30 01:01:51.388
제주,20240626,0526,1948,2024-05-30 01:01:43.615
서귀포,20240626,0526,1947,2024-05-30 01:01:46.275
성산일출,20240626,0524,1946,2024-05-30 01:01:48.331
서울,20240626,0512,1957,2024-05-30 01:01:51.454
제주,20240627,0526,1948,2024-05-30 01:01:43.674
서귀포,20240627,0527,1947,2024-05-30 01:01:46.397
성산일출,20240627,0525,1946,2024-05-30 01:01:48.369
서울,20240627,0513,1957,2024-05-30 01:01:51.518
제주,20240628,0526,1948,2024-05-30 01:01:43.868
서귀포,20240628,0527,1947,2024-05-30 01:01:46.466
성산일출,20240628,0525,1946,2024-05-30 01:01:48.41
서울,20240628,0513,1957,2024-05-30 01:01:51.712
제주,20240629,0527,1948,2024-05-30 01:01:43.94
서귀포,20240629,0527,1947,2024-05-30 01:01:46.536
성산일출,20240629,0525,1946,2024-05-30 01:01:48.46
서울,20240629,0514,1957,2024-05-30 01:01:51.871
제주,20240630,0527,1948,2024-05-30 01:01:44.001
서귀포,20240630,0528,1947,2024-05-30 01:01:46.597
성산일출,20240630,0526,1946,2024-05-30 01:01:48.556
서울,20240630,0514,1957,2024-05-30 01:01:51.934
서울,20240612,0510,1954,2024-05-30 01:01:50.042
제주,20240613,0523,1945,2024-05-30 01:01:42.602
서귀포,20240613,0524,1944,2024-05-30 01:01:45.139
성산일출,20240613,0522,1943,2024-05-30 01:01:47.68
서울,20240613,0510,1954,2024-05-30 01:01:50.26
제주,20240614,0523,1945,2024-05-30 01:01:42.662
서귀포,20240614,0524,1944,2024-05-30 01:01:45.199
성산일출,20240614,0522,1943,2024-05-30 01:01:47.721
서울,20240614,0510,1955,2024-05-30 01:01:50.376
제주,20240615,0524,1945,2024-05-30 01:01:42.719
서귀포,20240615,0524,1945,2024-05-30 01:01:45.403
성산일출,20240615,0522,1944,2024-05-30 01:01:47.759
서울,20240615,0510,1955,2024-05-30 01:01:50.453
제주,20240616,0524,1946,2024-05-30 01:01:42.839
서귀포,20240616,0524,1945,2024-05-30 01:01:45.472
성산일출,20240616,0522,1944,2024-05-30 01:01:47.796
서울,20240616,0510,1955,2024-05-30 01:01:50.587
제주,20240617,0524,1946,2024-05-30 01:01:42.9
서귀포,20240617,0524,1945,2024-05-30 01:01:45.554
성산일출,20240617,0522,1944,2024-05-30 01:01:47.838
서울,20240617,0510,1956,2024-05-30 01:01:50.659
제주,20240618,0524,1946,2024-05-30 01:01:42.962
서귀포,20240618,0524,1946,2024-05-30 01:01:45.613
성산일출,20240618,0522,1945,2024-05-30 01:01:47.875
서울,20240618,0511,1956,2024-05-30 01:01:50.78
